article,label,pred_r
1,12,10
2,12,NA
3,12,10
4,12,NA
5,12,4
6,12,NA
7,12,2
8,12,4
9,12,4
10,12,4
11,12,4
12,12,NA
13,12,4
14,12,4
15,12,12
16,12,4
17,12,NA
18,12,4
19,12,7
20,12,NA
21,12,NA
22,12,4
23,12,NA
24,12,7
25,12,NA
26,12,4
27,12,NA
28,12,NA
29,12,4
30,12,7
31,12,7
32,12,NA
33,12,7
34,12,NA
35,12,NA
36,12,NA
37,12,4
38,12,12
39,12,4
40,12,NA
41,12,NA
42,12,12
43,12,4
44,12,NA
45,12,NA
46,9,9
47,9,12
48,9,2
49,9,NA
50,9,NA
51,9,NA
52,9,NA
53,9,NA
54,9,10
55,9,9
56,9,2
57,9,NA
58,9,NA
59,9,NA
60,9,2
61,9,10
62,9,10
63,9,3
64,9,13
65,9,2
66,9,NA
67,9,13
68,9,9
69,9,9
70,9,9
71,9,9
72,9,NA
73,9,NA
74,9,9
75,9,2
76,9,NA
77,9,NA
78,9,NA
79,9,13
80,9,9
81,9,9
82,9,9
83,9,5
84,9,13
85,9,NA
86,9,NA
87,9,NA
88,9,9
89,9,NA
90,9,NA
91,9,NA
92,9,6
93,9,11
94,9,11
95,9,11
96,9,NA
97,9,6
98,9,2
99,9,NA
100,9,11
101,9,NA
102,9,NA
103,9,NA
104,9,NA
105,9,NA
106,9,NA
107,9,11
108,9,11
109,9,2
110,9,11
111,9,11
112,9,NA
113,9,2
114,9,NA
115,9,9
116,9,NA
117,9,NA
118,9,11
119,9,11
120,9,NA
121,9,NA
122,9,NA
123,9,NA
124,9,NA
125,9,NA
126,9,11
127,9,11
128,9,NA
129,9,11
130,9,9
131,9,11
132,9,NA
133,9,11
134,9,NA
135,9,13
136,9,11
137,8,2
138,8,NA
139,8,NA
140,8,8
141,8,NA
142,8,8
143,8,8
144,8,8
145,8,8
146,8,NA
147,8,8
148,8,8
149,8,8
150,8,8
151,8,NA
152,8,NA
153,8,2
154,8,8
155,8,8
156,8,NA
157,8,8
158,8,8
159,8,8
160,8,8
161,8,8
162,8,NA
163,8,NA
164,8,8
165,8,8
166,8,8
167,8,8
168,8,8
169,8,8
170,8,8
171,8,12
172,8,NA
173,8,NA
174,8,NA
175,8,NA
176,8,8
177,6,13
178,6,NA
179,6,2
180,6,13
181,6,2
182,6,NA
183,6,5
184,6,13
185,6,NA
186,6,NA
187,6,13
188,6,11
189,6,2
190,6,NA
191,6,NA
192,6,NA
193,6,NA
194,6,NA
195,6,13
196,6,NA
197,6,13
198,6,NA
199,6,NA
200,6,13
201,6,NA
202,6,NA
203,6,3
204,6,6
205,6,13
206,6,NA
207,6,2
208,6,NA
209,6,13
210,6,13
211,6,13
212,6,2
213,6,NA
214,6,NA
215,6,NA
216,6,13
217,6,11
218,6,13
219,6,NA
220,5,NA
221,5,5
222,5,5
223,5,7
224,5,7
225,5,5
226,5,5
227,5,NA
228,5,5
229,5,NA
230,5,5
231,5,5
232,5,5
233,5,NA
234,5,5
235,5,2
236,5,NA
237,5,NA
238,5,NA
239,5,2
240,5,5
241,5,5
242,5,5
243,5,NA
244,5,5
245,5,5
246,5,5
247,5,5
248,5,7
249,5,5
250,5,5
251,10,NA
252,10,NA
253,10,NA
254,10,NA
255,10,10
256,10,NA
257,10,NA
258,10,10
259,10,NA
260,10,10
261,10,NA
262,10,NA
263,10,NA
264,10,NA
265,10,NA
266,10,NA
267,10,NA
268,10,7
269,10,NA
270,10,NA
271,10,7
272,10,NA
273,10,NA
274,10,NA
275,10,NA
276,10,NA
277,10,NA
278,10,NA
279,10,NA
280,10,NA
281,10,NA
282,10,NA
283,10,NA
284,10,NA
285,10,NA
286,10,NA
287,10,10
288,10,NA
289,10,NA
290,10,10
291,10,NA
292,10,7
293,10,6
294,10,10
295,10,10
296,10,10
297,10,10
298,11,NA
299,11,NA
300,11,NA
301,11,11
302,11,11
303,11,7
304,11,NA
305,11,NA
306,11,11
307,11,2
308,11,NA
309,11,NA
310,11,11
311,11,11
312,11,NA
313,11,11
314,11,NA
315,11,NA
316,11,NA
317,11,12
318,11,NA
319,11,NA
320,11,6
321,11,NA
322,11,NA
323,11,4
324,11,12
325,11,NA
326,11,1
327,11,NA
328,11,11
329,11,NA
330,11,1
331,11,12
332,11,1
333,11,NA
334,11,NA
335,13,8
336,13,NA
337,13,NA
338,13,NA
339,13,13
340,13,NA
341,13,NA
342,13,13
343,13,NA
344,13,13
345,13,13
346,13,13
347,13,NA
348,13,13
349,13,13
350,13,NA
351,13,13
352,13,NA
353,13,NA
354,13,13
355,13,NA
356,13,NA
357,13,NA
358,13,NA
359,13,13
360,13,13
361,13,13
362,13,13
363,13,13
364,13,13
365,13,13
366,13,13
367,13,2
368,13,13
369,13,NA
370,13,NA
371,13,NA
372,13,13
373,13,13
374,13,2
375,13,13
376,13,13
377,13,NA
378,13,13
379,13,13
380,13,13
381,6,7
382,6,NA
383,6,7
384,6,1
385,6,1
386,6,6
387,6,6
388,6,6
389,6,NA
390,6,1
391,6,NA
392,6,6
393,6,1
394,6,NA
395,6,6
396,6,2
397,6,6
398,6,NA
399,6,6
400,6,6
401,6,7
402,6,6
403,6,6
404,6,NA
405,6,NA
406,6,NA
407,6,6
408,6,6
409,6,5
410,6,NA
411,6,1
412,6,6
413,6,6
414,6,6
415,6,6
416,6,NA
417,6,7
418,6,6
419,6,6
420,6,6
421,6,6
422,6,NA
423,6,6
424,6,NA
425,6,NA
426,13,4
427,13,NA
428,13,NA
429,13,5
430,13,NA
431,13,NA
432,13,NA
433,13,7
434,13,10
435,13,NA
436,13,NA
437,13,NA
438,13,10
439,13,NA
440,13,NA
441,13,4
442,13,8
443,13,NA
444,13,NA
445,13,4
446,13,4
447,13,4
448,13,1
449,13,5
450,13,5
451,13,2
452,13,NA
453,13,1
454,13,4
455,13,4
456,13,4
457,13,NA
458,13,4
459,13,NA
460,13,4
461,13,5
462,13,4
463,13,4
464,13,4
465,1,NA
466,1,5
467,1,12
468,1,12
469,1,NA
470,1,1
471,1,NA
472,1,10
473,1,1
474,1,1
475,1,3
476,1,NA
477,1,1
478,1,NA
479,1,NA
480,1,NA
481,1,1
482,1,1
483,1,7
484,1,1
485,1,NA
486,1,1
487,1,NA
488,1,2
489,1,1
490,1,NA
491,1,NA
492,1,NA
493,1,NA
494,1,NA
495,1,NA
496,1,NA
497,1,NA
498,1,NA
499,1,4
500,1,NA
501,1,NA
502,1,1
503,1,NA
504,1,NA
505,1,NA
506,1,1
507,1,NA
508,1,NA
509,13,NA
510,13,NA
511,13,NA
512,13,NA
513,13,NA
514,13,13
515,13,NA
516,13,NA
517,13,NA
518,13,NA
519,13,NA
520,13,2
521,13,NA
522,13,NA
523,13,NA
524,13,NA
525,13,13
526,13,NA
527,13,10
528,13,NA
529,13,NA
530,13,10
531,13,NA
532,13,NA
533,13,NA
534,13,NA
535,13,NA
536,13,NA
537,13,NA
538,13,NA
539,13,2
540,13,NA
541,13,2
542,13,NA
543,13,NA
544,13,NA
545,13,NA
546,13,NA
547,13,3
548,13,NA
549,13,13
550,13,3
551,13,NA
552,13,NA
553,13,10
554,9,13
555,9,NA
556,9,NA
557,9,13
558,9,NA
559,9,1
560,9,NA
561,9,NA
562,9,13
563,9,NA
564,9,13
565,9,7
566,9,NA
567,9,13
568,9,NA
569,9,NA
570,9,NA
571,9,11
572,9,10
573,9,NA
574,9,NA
575,9,NA
576,9,13
577,9,13
578,9,2
579,9,NA
580,9,13
581,9,NA
582,9,NA
583,9,NA
584,9,NA
585,9,NA
586,9,13
587,9,NA
588,9,12
589,9,NA
590,9,NA
591,9,13
592,9,NA
593,9,13
594,9,2
595,9,NA
596,9,NA
597,9,NA
598,1,1
599,1,NA
600,1,1
601,1,NA
602,1,NA
603,1,NA
604,1,NA
605,1,NA
606,1,NA
607,1,1
608,1,7
609,1,NA
610,1,NA
611,1,NA
612,1,NA
613,1,NA
614,1,5
615,1,NA
616,1,NA
617,1,1
618,1,NA
619,1,NA
620,1,NA
621,1,7
622,1,NA
623,1,NA
624,1,NA
625,1,NA
626,1,NA
627,1,NA
628,1,NA
629,1,NA
630,1,NA
631,1,NA
632,1,NA
633,1,NA
634,1,1
635,1,NA
636,1,NA
637,2,6
638,2,NA
639,2,5
640,2,NA
641,2,NA
642,2,NA
643,2,NA
644,2,6
645,2,NA
646,2,NA
647,2,6
648,2,6
649,2,6
650,2,NA
651,2,NA
652,2,6
653,2,6
654,2,NA
655,2,6
656,2,10
657,2,6
658,2,6
659,2,NA
660,2,NA
661,2,12
662,2,6
663,2,6
664,2,6
665,2,6
666,2,6
667,2,NA
668,2,6
669,2,11
670,2,NA
671,2,7
672,2,6
673,2,NA
674,2,NA
675,2,6
676,2,NA
677,2,NA
678,6,NA
679,6,NA
680,6,6
681,6,6
682,6,NA
683,6,6
684,6,NA
685,6,NA
686,6,NA
687,6,NA
688,6,3
689,6,NA
690,6,NA
691,6,NA
692,6,6
693,6,NA
694,6,NA
695,6,NA
696,6,8
697,6,NA
698,6,NA
699,6,NA
700,6,NA
701,6,NA
702,6,NA
703,6,6
704,6,6
705,6,7
706,6,NA
707,6,6
708,6,NA
709,6,6
710,6,1
711,6,NA
712,6,NA
713,6,6
714,6,6
715,6,NA
716,6,6
717,6,3
718,6,6
719,6,6
720,2,12
721,2,6
722,2,12
723,2,12
724,2,12
725,2,12
726,2,12
727,2,12
728,2,NA
729,2,NA
730,2,NA
731,2,5
732,2,4
733,2,NA
734,2,6
735,2,6
736,2,NA
737,2,NA
738,2,7
739,2,5
740,2,5
741,2,NA
742,2,NA
743,2,12
744,2,NA
745,2,7
746,2,5
747,2,4
748,2,5
749,2,3
750,2,12
751,2,5
752,2,NA
753,2,NA
754,2,5
755,2,NA
756,2,NA
757,2,NA
758,2,NA
759,2,3
760,2,3
761,2,2
762,2,NA
763,2,NA
764,2,13
765,2,2
766,2,3
767,2,2
768,2,NA
769,2,NA
770,2,11
771,2,7
772,2,13
773,2,1
774,2,2
775,2,10
776,2,10
777,2,NA
778,2,6
779,2,NA
780,2,NA
781,2,2
782,2,NA
783,2,NA
784,2,10
785,2,NA
786,2,2
787,2,NA
788,2,6
789,2,2
790,2,NA
791,2,2
792,2,NA
793,2,NA
794,2,NA
795,2,NA
796,2,NA
797,2,NA
798,2,2
799,2,2
800,2,2
801,2,2
802,2,2
803,2,NA
804,2,NA
805,2,2
806,2,2
807,2,2
808,2,NA
809,2,3
810,2,NA
811,2,NA
812,2,NA
813,2,NA
814,2,NA
815,2,NA
816,2,13
817,2,6
818,2,NA
819,2,2
820,2,1
821,2,11
822,2,2
823,2,6
824,2,3
825,2,8
826,2,6
827,2,1
828,2,12
829,2,2
830,2,NA
831,2,2
832,2,2
833,2,6
834,2,2
835,2,2
836,2,3
837,2,2
838,2,NA
839,2,2
840,2,2
841,2,2
842,2,2
843,2,11
844,2,NA
845,2,NA
846,2,2
847,2,NA
848,2,2
849,2,2
850,2,NA
851,2,NA
852,2,3
853,3,NA
854,3,2
855,3,13
856,3,3
857,3,11
858,3,3
859,3,NA
860,3,12
861,3,3
862,3,2
863,3,NA
864,3,NA
865,3,3
866,3,11
867,3,3
868,3,NA
869,3,NA
870,3,3
871,3,NA
872,3,NA
873,3,NA
874,3,3
875,3,2
876,3,NA
877,3,2
878,3,NA
879,3,NA
880,3,NA
881,3,NA
882,3,NA
883,3,3
884,3,3
885,3,3
886,3,NA
887,3,NA
888,3,11
889,3,4
890,3,NA
891,3,2
892,3,7
893,3,NA
894,3,NA
895,3,NA
896,3,1
897,3,NA
898,3,NA
899,2,NA
900,2,6
901,2,6
902,2,3
903,2,2
904,2,3
905,2,NA
906,2,6
907,2,NA
908,2,11
909,2,NA
910,2,NA
911,2,6
912,2,2
913,2,6
914,2,2
915,2,3
916,2,2
917,2,2
918,2,2
919,2,2
920,2,2
921,2,NA
922,2,NA
923,2,NA
924,2,NA
925,2,2
926,2,NA
927,2,NA
928,2,2
929,2,3
930,2,2
931,2,NA
932,2,2
933,2,NA
934,2,2
935,2,NA
936,2,NA
937,2,NA
938,2,6
939,2,6
940,2,NA
941,2,NA
942,8,11
943,8,2
944,8,2
945,8,8
946,8,8
947,8,11
948,8,NA
949,8,NA
950,8,NA
951,8,4
952,8,NA
953,8,NA
954,8,NA
955,8,11
956,8,NA
957,8,NA
958,8,NA
959,8,11
960,8,8
961,8,13
962,8,12
963,8,NA
964,8,11
965,8,NA
966,8,NA
967,8,7
968,8,10
969,8,NA
970,8,NA
971,8,NA
972,8,NA
973,8,NA
974,8,10
975,8,10
976,8,NA
977,8,NA
978,8,8
979,8,3
980,8,NA
981,8,13
982,8,NA
983,8,NA
984,8,NA
985,8,NA
986,11,3
987,11,NA
988,11,NA
989,11,NA
990,11,NA
991,11,NA
992,11,NA
993,11,NA
994,11,10
995,11,NA
996,11,NA
997,11,NA
998,11,NA
999,11,NA
1000,11,NA
1001,11,2
1002,11,10
1003,11,2
1004,11,NA
1005,11,NA
1006,11,NA
1007,11,NA
1008,11,NA
1009,11,NA
1010,11,2
1011,11,NA
1012,11,2
1013,11,NA
1014,11,2
1015,11,NA
1016,11,NA
1017,11,2
1018,11,2
1019,11,NA
1020,11,NA
1021,11,NA
1022,11,NA
1023,11,NA
1024,11,5
1025,11,NA
1026,11,12
1027,11,10
1028,11,NA
1029,11,NA
1030,11,NA
1031,11,NA
1032,3,NA
1033,3,7
1034,3,10
1035,3,2
1036,3,NA
1037,3,NA
1038,3,NA
1039,3,NA
1040,3,2
1041,3,NA
1042,3,1
1043,3,NA
1044,3,7
1045,3,NA
1046,3,4
1047,3,7
1048,3,NA
1049,3,NA
1050,3,7
1051,3,NA
1052,3,2
1053,3,NA
1054,3,NA
1055,3,NA
1056,3,2
1057,3,2
1058,3,3
1059,3,10
1060,3,7
1061,3,NA
1062,3,NA
1063,3,3
1064,3,NA
1065,3,3
1066,3,4
1067,3,7
1068,3,NA
1069,3,NA
1070,3,NA
1071,3,7
1072,3,NA
1073,3,NA
1074,3,3
1075,3,3
1076,3,12
1077,3,3
1078,3,3
1079,3,3
1080,3,NA
1081,3,NA
1082,3,3
1083,3,NA
1084,3,3
1085,3,3
1086,3,3
1087,3,NA
1088,3,3
1089,3,3
1090,3,NA
1091,3,NA
1092,3,NA
1093,3,3
1094,3,NA
1095,3,2
1096,3,2
1097,3,3
1098,3,3
1099,3,NA
1100,3,2
1101,3,2
1102,3,NA
1103,3,3
1104,3,3
1105,3,NA
1106,3,3
1107,3,NA
1108,3,3
1109,3,11
1110,3,NA
1111,3,3
1112,3,3
1113,3,3
1114,3,NA
1115,3,NA
1116,3,3
1117,3,NA
1118,3,3
1119,3,13
1120,3,3
1121,4,NA
1122,4,NA
1123,4,NA
1124,4,NA
1125,4,10
1126,4,NA
1127,4,NA
1128,4,NA
1129,4,1
1130,4,13
1131,4,NA
1132,4,7
1133,4,NA
1134,4,8
1135,4,NA
1136,4,NA
1137,4,NA
1138,4,10
1139,4,NA
1140,4,NA
1141,4,4
1142,4,NA
1143,4,4
1144,4,NA
1145,4,NA
1146,4,NA
1147,4,NA
1148,4,NA
1149,4,7
1150,4,10
1151,4,NA
1152,4,10
1153,4,4
1154,4,NA
1155,4,NA
1156,4,10
1157,4,4
1158,4,10
1159,4,4
1160,4,4
1161,4,NA
1162,4,10
1163,4,NA
1164,4,NA
1165,6,NA
1166,6,10
1167,6,NA
1168,6,NA
1169,6,13
1170,6,2
1171,6,NA
1172,6,NA
1173,6,6
1174,6,NA
1175,6,NA
1176,6,2
1177,6,NA
1178,6,NA
1179,6,NA
1180,6,10
1181,6,7
1182,6,6
1183,6,NA
1184,6,NA
1185,6,NA
1186,6,2
1187,6,10
1188,6,3
1189,6,10
1190,6,NA
1191,6,10
1192,6,NA
1193,6,NA
1194,6,NA
1195,6,NA
1196,6,2
1197,6,2
1198,6,2
1199,6,NA
1200,6,NA
1201,6,3
1202,6,NA
1203,6,NA
1204,6,2
1205,6,NA
1206,6,NA
1207,6,NA
1208,6,NA
1209,6,NA
1210,6,NA
1211,10,NA
1212,10,13
1213,10,NA
1214,10,2
1215,10,NA
1216,10,2
1217,10,10
1218,10,10
1219,10,10
1220,10,NA
1221,10,10
1222,10,10
1223,10,10
1224,10,2
1225,10,10
1226,10,2
1227,10,2
1228,10,6
1229,10,10
1230,10,10
1231,10,NA
1232,10,10
1233,10,2
1234,10,NA
1235,10,NA
1236,10,2
1237,10,2
1238,10,10
1239,10,2
1240,10,NA
1241,10,2
1242,10,2
1243,10,NA
1244,10,4
1245,10,2
1246,10,NA
1247,10,10
1248,10,2
1249,10,NA
1250,10,NA
1251,10,NA
1252,10,NA
1253,10,10
1254,10,NA
1255,10,NA
1256,10,NA
1257,5,NA
1258,5,NA
1259,5,5
1260,5,5
1261,5,NA
1262,5,NA
1263,5,6
1264,5,5
1265,5,NA
1266,5,NA
1267,5,NA
1268,5,NA
1269,5,1
1270,5,NA
1271,5,NA
1272,5,5
1273,5,NA
1274,5,NA
1275,5,NA
1276,5,5
1277,5,5
1278,5,5
1279,5,1
1280,5,5
1281,5,1
1282,5,5
1283,5,NA
1284,5,5
1285,5,5
1286,5,12
1287,5,NA
1288,5,5
1289,5,12
1290,5,5
1291,5,NA
1292,5,11
1293,5,NA
1294,5,12
1295,5,NA
1296,7,NA
1297,7,NA
1298,7,NA
1299,7,NA
1300,7,7
1301,7,NA
1302,7,NA
1303,7,7
1304,7,1
1305,7,NA
1306,7,NA
1307,7,4
1308,7,NA
1309,7,7
1310,7,NA
1311,7,4
1312,7,NA
1313,7,4
1314,7,7
1315,7,NA
1316,7,NA
1317,7,1
1318,7,NA
1319,7,NA
1320,7,NA
1321,7,NA
1322,7,NA
1323,7,NA
1324,7,1
1325,7,NA
1326,7,NA
1327,7,NA
1328,7,NA
1329,7,1
1330,7,NA
1331,7,10
1332,7,NA
1333,7,7
1334,7,NA
1335,7,NA
1336,7,NA
1337,7,NA
1338,7,12
1339,7,5
1340,7,7
1341,7,1
1342,7,7
1343,7,12
1344,7,NA
1345,7,3
1346,7,NA
1347,7,NA
1348,7,11
1349,7,NA
1350,7,NA
1351,7,4
1352,7,1
1353,7,NA
1354,7,7
1355,7,7
1356,7,NA
1357,7,2
1358,7,4
1359,7,2
1360,7,2
1361,7,7
1362,7,7
1363,7,NA
1364,7,NA
1365,7,12
1366,7,7
1367,7,12
1368,7,NA
1369,7,12
1370,7,1
1371,7,5
1372,7,7
1373,7,12
1374,7,NA
1375,7,12
1376,7,12
1377,7,NA
1378,7,NA
1379,7,12
1380,7,12
1381,1,7
1382,1,12
1383,1,NA
1384,1,7
1385,1,NA
1386,1,12
1387,1,NA
1388,1,12
1389,1,NA
1390,1,4
1391,1,12
1392,1,12
1393,1,1
1394,1,12
1395,1,NA
1396,1,NA
1397,1,12
1398,1,1
1399,1,12
1400,1,12
1401,1,12
1402,1,1
1403,1,7
1404,1,12
1405,1,12
1406,1,12
1407,1,12
1408,1,12
1409,1,NA
1410,1,12
1411,1,NA
1412,1,12
1413,1,12
1414,1,12
1415,1,12
1416,1,NA
1417,1,12
1418,1,NA
1419,1,NA
1420,1,NA
1421,4,NA
1422,4,NA
1423,4,NA
1424,4,4
1425,4,2
1426,4,12
1427,4,NA
1428,4,NA
1429,4,4
1430,4,4
1431,4,4
1432,4,4
1433,4,4
1434,4,4
1435,4,4
1436,4,2
1437,4,NA
1438,4,NA
1439,4,4
1440,4,4
1441,4,4
1442,4,NA
1443,4,NA
1444,4,7
1445,4,12
1446,4,NA
1447,4,NA
1448,4,12
1449,4,NA
1450,4,7
1451,4,10
1452,4,NA
1453,4,4
1454,4,NA
1455,4,10
1456,4,7
1457,4,NA
1458,4,NA
1459,4,NA
1460,4,NA
1461,4,NA
1462,8,8
1463,8,13
1464,8,8
1465,8,8
1466,8,10
1467,8,8
1468,8,8
1469,8,NA
1470,8,NA
1471,8,NA
1472,8,NA
1473,8,NA
1474,8,3
1475,8,8
1476,8,2
1477,8,7
1478,8,5
1479,8,NA
1480,8,8
1481,8,8
1482,8,NA
1483,8,NA
1484,8,13
1485,8,8
1486,8,8
1487,8,8
1488,8,8
1489,8,8
1490,8,2
1491,8,2
1492,8,NA
1493,8,8
1494,8,8
1495,8,7
1496,8,10
1497,8,8
1498,8,8
1499,8,NA
1500,8,8
1501,8,8
1502,8,3
1503,8,8
1504,3,NA
1505,3,NA
1506,3,NA
1507,3,NA
1508,3,3
1509,3,NA
1510,3,NA
1511,3,NA
1512,3,3
1513,3,10
1514,3,3
1515,3,NA
1516,3,NA
1517,3,NA
1518,3,NA
1519,3,10
1520,3,3
1521,3,NA
1522,3,NA
1523,3,NA
1524,3,2
1525,3,3
1526,3,3
1527,3,NA
1528,3,3
1529,3,NA
1530,3,NA
1531,3,3
1532,3,2
1533,3,3
1534,3,NA
1535,3,NA
1536,3,NA
1537,3,2
1538,3,NA
1539,3,3
1540,3,3
1541,3,3
1542,3,3
1543,3,NA
1544,3,NA
1545,3,3
1546,3,3
1547,3,3
1548,3,NA
1549,9,9
1550,9,9
1551,9,9
1552,9,9
1553,9,6
1554,9,6
1555,9,6
1556,9,9
1557,9,9
1558,9,9
1559,9,9
1560,9,9
1561,9,9
1562,9,9
1563,9,6
1564,9,9
1565,9,NA
1566,9,NA
1567,9,9
1568,9,NA
1569,9,9
1570,9,13
1571,9,NA
1572,9,12
1573,9,2
1574,9,NA
1575,9,NA
1576,9,12
1577,9,NA
1578,9,NA
1579,9,NA
1580,9,NA
1581,9,NA
1582,9,NA
1583,9,2
1584,9,NA
1585,9,13
1586,9,2
1587,9,NA
1588,9,9
1589,7,NA
1590,7,NA
1591,7,NA
1592,7,4
1593,7,NA
1594,7,4
1595,7,NA
1596,7,NA
1597,7,4
1598,7,NA
1599,7,NA
1600,7,NA
1601,7,NA
1602,7,4
1603,7,4
1604,7,NA
1605,7,7
1606,7,NA
1607,7,NA
1608,7,NA
1609,7,4
1610,7,NA
1611,7,NA
1612,7,7
1613,7,4
1614,7,NA
1615,7,NA
1616,7,NA
1617,7,NA
1618,7,NA
1619,7,NA
1620,7,5
1621,7,4
1622,7,NA
1623,7,4
1624,7,NA
1625,7,4
1626,7,4
1627,7,NA
1628,4,4
1629,4,10
1630,4,12
1631,4,NA
1632,4,10
1633,4,2
1634,4,10
1635,4,12
1636,4,3
1637,4,4
1638,4,NA
1639,4,NA
1640,4,10
1641,4,10
1642,4,NA
1643,4,12
1644,4,1
1645,4,10
1646,4,12
1647,4,10
1648,4,10
1649,4,2
1650,4,4
1651,4,4
1652,4,NA
1653,4,2
1654,4,10
1655,4,10
1656,4,10
1657,4,5
1658,4,10
1659,4,4
1660,4,10
1661,4,3
1662,4,3
1663,4,2
1664,4,7
1665,4,10
1666,4,2
1667,4,2
1668,4,NA
1669,4,10
1670,4,2
1671,4,12
1672,4,10
1673,4,NA
1674,8,8
1675,8,8
1676,8,8
1677,8,NA
1678,8,NA
1679,8,1
1680,8,13
1681,8,8
1682,8,8
1683,8,NA
1684,8,NA
1685,8,NA
1686,8,NA
1687,8,NA
1688,8,NA
1689,8,8
1690,8,8
1691,8,NA
1692,8,NA
1693,8,NA
1694,8,NA
1695,8,NA
1696,8,2
1697,8,NA
1698,8,5
1699,8,8
1700,8,NA
1701,8,8
1702,8,8
1703,8,NA
1704,8,NA
1705,8,8
1706,8,8
1707,8,8
1708,8,8
1709,8,8
1710,8,8
1711,8,13
1712,8,8
1713,8,12
1714,8,8
1715,8,8
1716,10,NA
1717,10,NA
1718,10,NA
1719,10,10
1720,10,NA
1721,10,NA
1722,10,3
1723,10,10
1724,10,10
1725,10,10
1726,10,10
1727,10,NA
1728,10,NA
1729,10,10
1730,10,10
1731,10,10
1732,10,13
1733,10,10
1734,10,10
1735,10,NA
1736,10,NA
1737,10,10
1738,10,10
1739,10,13
1740,10,11
1741,10,10
1742,10,10
1743,10,10
1744,10,10
1745,10,7
1746,10,NA
1747,10,3
1748,10,2
1749,10,NA
1750,10,2
1751,10,NA
1752,10,NA
1753,10,10
1754,10,10
1755,10,10
1756,10,NA
1757,10,10
1758,10,2
1759,10,2
1760,10,NA
1761,10,2
1762,1,NA
1763,1,NA
1764,1,1
1765,1,NA
1766,1,NA
1767,1,NA
1768,1,NA
1769,1,NA
1770,1,NA
1771,1,1
1772,1,NA
1773,1,NA
1774,1,NA
1775,1,NA
1776,1,1
1777,1,1
1778,1,NA
1779,1,NA
1780,1,NA
1781,1,NA
1782,1,NA
1783,1,NA
1784,1,1
1785,1,1
1786,1,NA
1787,1,NA
1788,1,NA
1789,1,NA
1790,1,1
1791,1,NA
1792,1,1
1793,1,1
1794,1,1
1795,1,NA
1796,1,1
1797,1,7
1798,1,1
1799,1,NA
1800,1,1
1801,1,NA
1802,1,NA
1803,9,NA
1804,9,NA
1805,9,2
1806,9,11
1807,9,11
1808,9,12
1809,9,NA
1810,9,2
1811,9,NA
1812,9,NA
1813,9,NA
1814,9,5
1815,9,NA
1816,9,NA
1817,9,NA
1818,9,NA
1819,9,NA
1820,9,5
1821,9,NA
1822,9,11
1823,9,5
1824,9,NA
1825,9,NA
1826,9,NA
1827,9,NA
1828,9,5
1829,9,7
1830,9,NA
1831,9,NA
1832,9,5
1833,9,NA
1834,9,11
1835,9,NA
1836,9,10
1837,9,NA
1838,9,NA
1839,9,5
1840,9,NA
1841,9,5
1842,9,11
1843,11,11
1844,11,NA
1845,11,NA
1846,11,NA
1847,11,NA
1848,11,11
1849,11,NA
1850,11,4
1851,11,NA
1852,11,NA
1853,11,4
1854,11,4
1855,11,NA
1856,11,NA
1857,11,4
1858,11,NA
1859,11,NA
1860,11,6
1861,11,11
1862,11,11
1863,11,NA
1864,11,2
1865,11,NA
1866,11,NA
1867,11,3
1868,11,NA
1869,11,4
1870,11,2
1871,11,11
1872,11,11
1873,11,NA
1874,11,NA
1875,11,NA
1876,11,NA
1877,11,NA
1878,11,NA
1879,11,NA
1880,11,NA
1881,11,NA
1882,7,7
1883,7,NA
1884,7,NA
1885,7,NA
1886,7,NA
1887,7,8
1888,7,6
1889,7,1
1890,7,7
1891,7,7
1892,7,3
1893,7,NA
1894,7,7
1895,7,NA
1896,7,3
1897,7,6
1898,7,NA
1899,7,8
1900,7,NA
1901,7,NA
1902,7,7
1903,7,2
1904,7,NA
1905,7,NA
1906,7,NA
1907,7,NA
1908,7,3
1909,7,3
1910,7,NA
1911,7,NA
1912,7,NA
1913,7,NA
1914,7,NA
1915,7,NA
1916,7,NA
1917,7,NA
1918,7,NA
1919,7,NA
1920,7,5
1921,7,7
1922,7,13
1923,7,7
1924,7,NA
1925,7,7
1926,7,7
1927,10,10
1928,10,3
1929,10,NA
1930,10,NA
1931,10,NA
1932,10,NA
1933,10,NA
1934,10,NA
1935,10,7
1936,10,NA
1937,10,7
1938,10,NA
1939,10,NA
1940,10,3
1941,10,NA
1942,10,3
1943,10,3
1944,10,10
1945,10,10
1946,10,6
1947,10,NA
1948,10,NA
1949,10,7
1950,10,NA
1951,10,NA
1952,10,NA
1953,10,2
1954,10,NA
1955,10,NA
1956,10,NA
1957,10,2
1958,10,NA
1959,10,NA
1960,10,NA
1961,10,13
1962,10,NA
1963,10,NA
1964,10,NA
1965,10,NA
1966,10,7
1967,10,NA
1968,10,NA
1969,10,NA
1970,12,NA
1971,12,12
1972,12,12
1973,12,10
1974,12,3
1975,12,10
1976,12,2
1977,12,10
1978,12,2
1979,12,10
1980,12,12
1981,12,12
1982,12,6
1983,12,10
1984,12,NA
1985,12,NA
1986,12,NA
1987,12,10
1988,12,12
1989,12,12
1990,12,10
1991,12,NA
1992,12,10
1993,12,NA
1994,12,12
1995,12,12
1996,12,NA
1997,12,NA
1998,12,10
1999,12,12
2000,12,12
2001,12,NA
2002,12,12
2003,12,NA
2004,12,10
2005,12,NA
2006,12,10
2007,12,5
2008,12,NA
2009,12,13
2010,12,13
2011,10,NA
2012,10,NA
2013,10,NA
2014,10,NA
2015,10,7
2016,10,NA
2017,10,10
2018,10,3
2019,10,NA
2020,10,13
2021,10,7
2022,10,12
2023,10,NA
2024,10,NA
2025,10,NA
2026,10,2
2027,10,10
2028,10,NA
2029,10,10
2030,10,NA
2031,10,NA
2032,10,NA
2033,10,NA
2034,10,NA
2035,10,NA
2036,10,7
2037,10,7
2038,10,NA
2039,10,NA
2040,10,10
2041,10,6
2042,10,6
2043,10,6
2044,10,2
2045,10,2
2046,10,NA
2047,10,13
2048,10,NA
2049,10,2
2050,10,NA
2051,5,5
2052,5,5
2053,5,5
2054,5,5
2055,5,NA
2056,5,5
2057,5,5
2058,5,5
2059,5,5
2060,5,5
2061,5,5
2062,5,7
2063,5,7
2064,5,5
2065,5,1
2066,5,5
2067,5,7
2068,5,5
2069,5,7
2070,5,5
2071,5,5
2072,5,5
2073,5,5
2074,5,5
2075,5,5
2076,5,5
2077,5,NA
2078,5,5
2079,5,7
2080,5,7
2081,5,NA
2082,5,5
2083,5,5
2084,5,5
2085,5,5
2086,6,2
2087,6,NA
2088,6,NA
2089,6,NA
2090,6,3
2091,6,2
2092,6,NA
2093,6,2
2094,6,7
2095,6,NA
2096,6,NA
2097,6,7
2098,6,NA
2099,6,6
2100,6,2
2101,6,7
2102,6,NA
2103,6,NA
2104,6,NA
2105,6,13
2106,6,NA
2107,6,NA
2108,6,NA
2109,6,NA
2110,6,11
2111,6,NA
2112,6,NA
2113,6,1
2114,6,NA
2115,6,NA
2116,6,NA
2117,6,NA
2118,6,NA
2119,6,NA
2120,6,NA
2121,6,6
2122,6,10
2123,6,NA
2124,6,NA
2125,6,6
2126,6,7
2127,6,10
2128,6,NA
2129,6,NA
2130,4,4
2131,4,4
2132,4,4
2133,4,4
2134,4,4
2135,4,NA
2136,4,4
2137,4,4
2138,4,4
2139,4,NA
2140,4,10
2141,4,4
2142,4,5
2143,4,4
2144,4,7
2145,4,4
2146,4,4
2147,4,5
2148,4,4
2149,4,4
2150,4,4
2151,4,4
2152,4,4
2153,4,4
2154,4,4
2155,4,4
2156,4,4
2157,4,4
2158,4,NA
2159,4,NA
2160,4,NA
2161,4,NA
2162,4,NA
2163,4,4
2164,4,1
2165,4,4
2166,4,NA
2167,4,NA
2168,4,4
2169,5,NA
2170,5,NA
2171,5,NA
2172,5,5
2173,5,6
2174,5,5
2175,5,NA
2176,5,1
2177,5,NA
2178,5,NA
2179,5,13
2180,5,NA
2181,5,NA
2182,5,NA
2183,5,NA
2184,5,NA
2185,5,5
2186,5,NA
2187,5,5
2188,5,5
2189,5,5
2190,5,NA
2191,5,NA
2192,5,5
2193,5,5
2194,5,5
2195,5,5
2196,5,NA
2197,5,5
2198,5,5
2199,5,NA
2200,5,10
2201,5,NA
2202,5,NA
2203,5,NA
2204,5,10
2205,5,7
2206,5,NA
2207,5,5
2208,5,NA
2209,5,5
2210,5,NA
2211,5,NA
2212,12,10
2213,12,12
2214,12,12
2215,12,12
2216,12,12
2217,12,NA
2218,12,12
2219,12,12
2220,12,12
2221,12,NA
2222,12,NA
2223,12,12
2224,12,2
2225,12,7
2226,12,NA
2227,12,NA
2228,12,12
2229,12,NA
2230,12,12
2231,12,NA
2232,12,12
2233,12,12
2234,12,12
2235,12,1
2236,12,NA
2237,12,12
2238,12,NA
2239,12,6
2240,12,12
2241,12,12
2242,12,12
2243,12,6
2244,12,12
2245,12,12
2246,12,12
2247,12,10
2248,12,NA
2249,12,12
2250,12,12
2251,11,NA
2252,11,11
2253,11,NA
2254,11,NA
2255,11,7
2256,11,4
2257,11,NA
2258,11,NA
2259,11,NA
2260,11,1
2261,11,5
2262,11,4
2263,11,NA
2264,11,2
2265,11,NA
2266,11,NA
2267,11,NA
2268,11,NA
2269,11,4
2270,11,NA
2271,11,NA
2272,11,NA
2273,11,NA
2274,11,1
2275,11,NA
2276,11,NA
2277,11,NA
2278,11,7
2279,11,7
2280,11,NA
2281,11,3
2282,11,NA
2283,11,NA
2284,11,NA
2285,11,4
2286,11,NA
2287,11,5
2288,11,NA
2289,11,NA
2290,11,NA
2291,11,10
2292,11,10
2293,11,11
2294,11,11
2295,11,11
2296,11,NA
2297,11,12
2298,11,11
2299,11,11
2300,11,11
2301,11,NA
2302,11,11
2303,11,11
2304,11,NA
2305,11,11
2306,11,3
2307,11,11
2308,11,NA
2309,11,NA
2310,11,3
2311,11,NA
2312,11,11
2313,11,NA
2314,11,11
2315,11,1
2316,11,11
2317,11,1
2318,11,11
2319,11,NA
2320,11,2
2321,11,3
2322,11,11
2323,11,11
2324,11,NA
2325,11,11
2326,11,11
2327,11,10
2328,11,11
2329,11,NA
2330,11,3
2331,11,11
2332,11,NA
2333,11,3
2334,11,NA
2335,11,12
2336,11,NA
2337,4,1
2338,4,7
2339,4,4
2340,4,4
2341,4,7
2342,4,NA
2343,4,NA
2344,4,1
2345,4,NA
2346,4,NA
2347,4,4
2348,4,4
2349,4,NA
2350,4,4
2351,4,NA
2352,4,1
2353,4,4
2354,4,3
2355,4,3
2356,4,NA
2357,4,4
2358,4,NA
2359,4,NA
2360,4,4
2361,4,NA
2362,4,10
2363,4,4
2364,4,4
2365,4,12
2366,4,1
2367,4,1
2368,4,NA
2369,4,4
2370,4,4
2371,4,10
2372,4,4
2373,4,4
2374,4,NA
2375,4,4
2376,4,NA
2377,4,NA
2378,4,4
2379,7,12
2380,7,NA
2381,7,NA
2382,7,7
2383,7,7
2384,7,7
2385,7,NA
2386,7,7
2387,7,7
2388,7,7
2389,7,7
2390,7,7
2391,7,7
2392,7,7
2393,7,NA
2394,7,7
2395,7,NA
2396,7,7
2397,7,NA
2398,7,7
2399,7,7
2400,7,NA
2401,7,7
2402,7,12
2403,7,NA
2404,7,7
2405,7,7
2406,7,7
2407,7,7
2408,7,7
2409,7,7
2410,7,12
2411,7,NA
2412,7,NA
2413,7,7
2414,7,7
2415,7,7
2416,12,NA
2417,NA,NA
2418,NA,NA
2419,NA,NA
2420,NA,NA
2421,NA,NA
2422,NA,NA
2423,NA,NA
2424,NA,NA
2425,NA,NA
2426,NA,NA
2427,NA,NA
2428,NA,NA
2429,NA,NA
2430,NA,NA
2431,NA,NA
2432,NA,NA
2433,NA,NA
2434,NA,NA
2435,NA,NA
2436,NA,NA
2437,NA,NA
2438,NA,NA
2439,NA,NA
2440,NA,NA
2441,NA,NA
2442,NA,NA
2443,NA,NA
2444,NA,NA
2445,NA,NA
2446,NA,NA
2447,NA,NA
2448,NA,NA
2449,NA,NA
2450,NA,NA
2451,NA,NA
2452,NA,NA
2453,NA,NA
2454,NA,NA
2455,NA,NA
2456,NA,NA
2457,NA,NA
2458,NA,NA
2459,12,NA
2460,12,10
2461,12,1
2462,12,NA
2463,12,4
2464,12,4
2465,12,NA
2466,12,12
2467,12,4
2468,12,4
2469,12,NA
2470,12,NA
2471,12,4
2472,12,4
2473,12,4
2474,12,7
2475,12,4
2476,12,7
2477,12,NA
2478,12,NA
2479,12,4
2480,12,NA
2481,12,NA
2482,12,4
2483,12,NA
2484,12,4
2485,12,1
2486,12,NA
2487,12,10
2488,12,NA
2489,12,2
2490,12,3
2491,12,NA
2492,12,4
2493,12,1
2494,12,NA
2495,12,4
2496,12,NA
2497,8,10
2498,8,10
2499,8,8
2500,8,10
2501,8,8
2502,8,10
2503,8,8
2504,8,8
2505,8,NA
2506,8,NA
2507,8,11
2508,8,8
2509,8,8
2510,8,8
2511,8,2
2512,8,8
2513,8,10
2514,8,8
2515,8,8
2516,8,8
2517,8,NA
2518,8,8
2519,8,8
2520,8,NA
2521,8,8
2522,8,5
2523,8,8
2524,8,8
2525,8,8
2526,8,8
2527,8,8
2528,8,8
2529,8,8
2530,8,8
2531,8,8
2532,8,8
2533,8,8
2534,8,NA
2535,8,8
2536,8,8
2537,8,NA
2538,8,NA
2539,8,8
2540,3,NA
2541,3,NA
2542,3,NA
2543,3,NA
2544,3,2
2545,3,NA
2546,3,NA
2547,3,NA
2548,3,NA
2549,3,NA
2550,3,NA
2551,3,NA
2552,3,NA
2553,3,2
2554,3,7
2555,3,NA
2556,3,NA
2557,3,2
2558,3,NA
2559,3,NA
2560,3,2
2561,3,NA
2562,3,10
2563,3,3
2564,3,NA
2565,3,NA
2566,3,3
2567,3,10
2568,3,2
2569,3,3
2570,3,2
2571,3,NA
2572,3,3
2573,3,11
2574,3,NA
2575,3,NA
2576,3,NA
2577,3,NA
2578,3,NA
2579,3,NA
2580,3,NA
2581,3,10
2582,3,2
2583,3,2
2584,3,NA
2585,3,3
2586,3,3
2587,3,3
2588,1,1
2589,1,1
2590,1,1
2591,1,1
2592,1,1
2593,1,1
2594,1,1
2595,1,2
2596,1,1
2597,1,1
2598,1,NA
2599,1,2
2600,1,1
2601,1,1
2602,1,NA
2603,1,12
2604,1,2
2605,1,1
2606,1,10
2607,1,1
2608,1,NA
2609,1,1
2610,1,1
2611,1,1
2612,1,1
2613,1,1
2614,1,1
2615,1,1
2616,1,1
2617,1,NA
2618,1,NA
2619,1,1
2620,1,1
2621,1,1
2622,1,1
2623,1,1
2624,1,1
2625,1,1
2626,1,1
2627,1,1
2628,13,NA
2629,13,NA
2630,13,13
2631,13,NA
2632,13,NA
2633,13,NA
2634,13,NA
2635,13,3
2636,13,NA
2637,13,3
2638,13,1
2639,13,NA
2640,13,NA
2641,13,NA
2642,13,7
2643,13,NA
2644,13,13
2645,13,13
2646,13,7
2647,13,13
2648,13,NA
2649,13,NA
2650,13,2
2651,13,NA
2652,13,13
2653,13,2
2654,13,6
2655,13,2
2656,13,2
2657,13,6
2658,13,NA
2659,13,NA
2660,13,NA
2661,13,13
2662,13,NA
2663,13,NA
2664,13,NA
2665,13,13
2666,13,13
2667,13,NA
2668,13,13
2669,13,NA
2670,13,NA
2671,13,5
2672,13,13
2673,13,NA
2674,13,NA
2675,13,6
2676,13,NA
2677,13,NA
2678,13,13
2679,13,NA
2680,13,NA
2681,13,NA
2682,13,NA
2683,13,3
2684,13,13
2685,13,1
2686,13,1
2687,13,NA
2688,13,3
2689,13,NA
2690,13,NA
2691,13,7
2692,13,13
2693,13,NA
2694,13,7
2695,13,NA
2696,13,13
2697,13,2
2698,13,13
2699,13,NA
2700,13,2
2701,13,2
2702,13,NA
2703,13,6
2704,13,2
2705,13,6
2706,13,NA
2707,13,NA
2708,13,NA
2709,13,NA
2710,13,NA
2711,13,NA
2712,13,NA
2713,13,NA
2714,13,NA
2715,13,NA
2716,13,13
2717,13,13
2718,13,13
2719,13,13
2720,13,13
2721,13,NA
2722,13,NA
2723,5,5
2724,5,NA
2725,5,NA
2726,5,NA
2727,5,NA
2728,5,5
2729,5,5
2730,5,5
2731,5,5
2732,5,NA
2733,5,5
2734,5,5
2735,5,5
2736,5,5
2737,5,8
2738,5,NA
2739,5,NA
2740,5,7
2741,5,7
2742,5,NA
2743,5,NA
2744,5,5
2745,5,NA
2746,5,5
2747,5,5
2748,5,NA
2749,5,5
2750,5,5
2751,5,8
2752,5,NA
2753,5,NA
2754,5,NA
2755,5,NA
2756,5,5
2757,5,5
2758,5,NA
2759,5,5
2760,5,NA
2761,5,5
2762,5,3
2763,5,8