"","article","label","pred","lag"
"1052",1,12,10,NA
"2320",2,12,NA,12
"1014",3,12,10,12
"213",4,12,NA,12
"1264",5,12,4,12
"1562",6,12,NA,12
"633",7,12,2,12
"1226",8,12,4,12
"1236",9,12,4,12
"1247",10,12,4,12
"1225",11,12,4,12
"214",12,12,NA,12
"1356",13,12,4,12
"1312",14,12,4,12
"1763",15,12,12,12
"1234",16,12,4,12
"215",17,12,NA,12
"1229",18,12,4,12
"48",19,12,7,12
"217",20,12,NA,12
"218",21,12,NA,12
"1267",22,12,4,12
"1398",23,12,NA,12
"31",24,12,7,12
"219",25,12,NA,12
"1325",26,12,4,12
"220",27,12,NA,12
"1399",28,12,NA,12
"1289",29,12,4,12
"88",30,12,7,12
"22",31,12,7,12
"222",32,12,NA,12
"103",33,12,7,12
"223",34,12,NA,12
"224",35,12,NA,12
"225",36,12,NA,12
"1348",37,12,4,12
"1782",38,12,12,12
"1338",39,12,4,12
"226",40,12,NA,12
"227",41,12,NA,12
"1722",42,12,12,12
"1306",43,12,4,12
"228",44,12,NA,12
"229",45,12,NA,12
"2545",46,9,9,12
"2546",46,9,8,9
"1712",47,9,12,9
"663",48,9,2,9
"2806",49,9,NA,9
"2111",50,9,NA,9
"1366",51,9,NA,9
"894",52,9,NA,9
"2112",53,9,NA,9
"965",54,9,10,9
"2735",55,9,9,9
"2736",55,9,8,9
"656",56,9,2,9
"785",57,9,NA,9
"2113",58,9,NA,9
"2114",59,9,NA,9
"676",60,9,2,9
"1008",61,9,10,9
"967",62,9,10,9
"1922",63,9,3,9
"430",64,9,13,9
"623",65,9,2,9
"230",66,9,NA,9
"460",67,9,13,9
"2567",68,9,9,9
"2568",68,9,8,9
"2537",69,9,9,9
"2538",69,9,8,9
"2789",70,9,9,9
"2790",70,9,8,9
"2795",71,9,9,9
"2796",71,9,8,9
"1405",72,9,NA,9
"1828",73,9,NA,9
"2773",74,9,9,9
"2774",74,9,8,9
"760",75,9,2,9
"896",76,9,NA,9
"897",77,9,NA,9
"1829",78,9,NA,9
"459",79,9,13,9
"2715",80,9,9,9
"2716",80,9,8,9
"2651",81,9,9,9
"2652",81,9,8,9
"2661",82,9,9,9
"2662",82,9,8,9
"2310",83,9,5,9
"436",84,9,13,9
"231",85,9,NA,9
"1830",86,9,NA,9
"2323",87,9,NA,9
"2691",88,9,9,9
"2692",88,9,8,9
"790",89,9,NA,9
"1570",90,9,NA,9
"1406",91,9,NA,9
"2457",92,9,6,9
"142",93,9,11,9
"164",94,9,11,9
"163",95,9,11,9
"2115",96,9,NA,9
"2442",97,9,6,9
"673",98,9,2,9
"791",99,9,NA,9
"147",100,9,11,9
"1572",101,9,NA,9
"2116",102,9,NA,9
"1408",103,9,NA,9
"1065",104,9,NA,9
"2002",105,9,NA,9
"1066",106,9,NA,9
"209",107,9,11,9
"211",108,9,11,9
"695",109,9,2,9
"139",110,9,11,9
"137",111,9,11,9
"2809",112,9,NA,9
"603",113,9,2,9
"1575",114,9,NA,9
"2777",115,9,9,9
"2778",115,9,8,9
"2003",116,9,NA,9
"792",117,9,NA,9
"195",118,9,11,9
"188",119,9,11,9
"793",120,9,NA,9
"794",121,9,NA,9
"2004",122,9,NA,9
"1578",123,9,NA,9
"1410",124,9,NA,9
"1067",125,9,NA,9
"184",126,9,11,9
"206",127,9,11,9
"1832",128,9,NA,9
"138",129,9,11,9
"2557",130,9,9,9
"2558",130,9,8,9
"172",131,9,11,9
"1411",132,9,NA,9
"161",133,9,11,9
"1068",134,9,NA,9
"412",135,9,13,9
"166",136,9,11,9
"671",137,8,2,9
"2118",138,8,NA,8
"1367",139,8,NA,8
"2563",140,8,9,8
"2564",140,8,8,8
"795",141,8,NA,8
"2561",142,8,9,8
"2562",142,8,8,8
"2725",143,8,9,8
"2726",143,8,8,8
"2641",144,8,9,8
"2642",144,8,8,8
"2619",145,8,9,8
"2620",145,8,8,8
"1368",146,8,NA,8
"2593",147,8,9,8
"2594",147,8,8,8
"2785",148,8,9,8
"2786",148,8,8,8
"2741",149,8,9,8
"2742",149,8,8,8
"2801",150,8,9,8
"2802",150,8,8,8
"796",151,8,NA,8
"797",152,8,NA,8
"702",153,8,2,8
"2771",154,8,9,8
"2772",154,8,8,8
"2701",155,8,9,8
"2702",155,8,8,8
"2119",156,8,NA,8
"2719",157,8,9,8
"2720",157,8,8,8
"2761",158,8,9,8
"2762",158,8,8,8
"2731",159,8,9,8
"2732",159,8,8,8
"2647",160,8,9,8
"2648",160,8,8,8
"2781",161,8,9,8
"2782",161,8,8,8
"2332",162,8,NA,8
"898",163,8,NA,8
"2775",164,8,9,8
"2776",164,8,8,8
"2697",165,8,9,8
"2698",165,8,8,8
"2747",166,8,9,8
"2748",166,8,8,8
"2583",167,8,9,8
"2584",167,8,8,8
"2635",168,8,9,8
"2636",168,8,8,8
"2695",169,8,9,8
"2696",169,8,8,8
"2645",170,8,9,8
"2646",170,8,8,8
"1755",171,8,12,8
"1414",172,8,NA,8
"1415",173,8,NA,8
"2007",174,8,NA,8
"1582",175,8,NA,8
"2713",176,8,9,8
"2714",176,8,8,8
"435",177,6,13,8
"246",178,6,NA,6
"632",179,6,2,6
"396",180,6,13,6
"690",181,6,2,6
"247",182,6,NA,6
"2212",183,6,5,6
"439",184,6,13,6
"1418",185,6,NA,6
"1584",186,6,NA,6
"402",187,6,13,6
"151",188,6,11,6
"723",189,6,2,6
"1585",190,6,NA,6
"1586",191,6,NA,6
"2008",192,6,NA,6
"2121",193,6,NA,6
"1419",194,6,NA,6
"475",195,6,13,6
"1588",196,6,NA,6
"457",197,6,13,6
"1420",198,6,NA,6
"2010",199,6,NA,6
"466",200,6,13,6
"2122",201,6,NA,6
"1421",202,6,NA,6
"1983",203,6,3,6
"2533",204,6,6,6
"484",205,6,13,6
"2813",206,6,NA,6
"727",207,6,2,6
"1591",208,6,NA,6
"442",209,6,13,6
"453",210,6,13,6
"427",211,6,13,6
"704",212,6,2,6
"1423",213,6,NA,6
"1593",214,6,NA,6
"1594",215,6,NA,6
"458",216,6,13,6
"141",217,6,11,6
"407",218,6,13,6
"1595",219,6,NA,6
"800",220,5,NA,6
"2238",221,5,5,5
"2192",222,5,5,5
"12",223,5,7,5
"26",224,5,7,5
"2283",225,5,5,5
"2259",226,5,5,5
"1071",227,5,NA,5
"2195",228,5,5,5
"802",229,5,NA,5
"2220",230,5,5,5
"2261",231,5,5,5
"2216",232,5,5,5
"803",233,5,NA,5
"2207",234,5,5,5
"758",235,5,2,5
"2016",236,5,NA,5
"1425",237,5,NA,5
"1426",238,5,NA,5
"733",239,5,2,5
"2230",240,5,5,5
"2307",241,5,5,5
"2258",242,5,5,5
"1428",243,5,NA,5
"2233",244,5,5,5
"2274",245,5,5,5
"2235",246,5,5,5
"2291",247,5,5,5
"86",248,5,7,5
"2237",249,5,5,5
"2250",250,5,5,5
"1430",251,10,NA,5
"253",252,10,NA,10
"1431",253,10,NA,10
"1432",254,10,NA,10
"1042",255,10,10,10
"1433",256,10,NA,10
"2124",257,10,NA,10
"989",258,10,10,10
"1434",259,10,NA,10
"993",260,10,10,10
"1435",261,10,NA,10
"1072",262,10,NA,10
"257",263,10,NA,10
"1436",264,10,NA,10
"1599",265,10,NA,10
"2335",266,10,NA,10
"1437",267,10,NA,10
"49",268,10,7,10
"2336",269,10,NA,10
"259",270,10,NA,10
"117",271,10,7,10
"261",272,10,NA,10
"1438",273,10,NA,10
"1600",274,10,NA,10
"1439",275,10,NA,10
"1073",276,10,NA,10
"1440",277,10,NA,10
"1441",278,10,NA,10
"1601",279,10,NA,10
"1442",280,10,NA,10
"1443",281,10,NA,10
"1444",282,10,NA,10
"1445",283,10,NA,10
"1446",284,10,NA,10
"1447",285,10,NA,10
"1602",286,10,NA,10
"924",287,10,10,10
"262",288,10,NA,10
"1448",289,10,NA,10
"931",290,10,10,10
"264",291,10,NA,10
"51",292,10,7,10
"2494",293,10,6,10
"1045",294,10,10,10
"940",295,10,10,10
"1039",296,10,10,10
"1003",297,10,10,10
"2018",298,11,NA,10
"265",299,11,NA,11
"2019",300,11,NA,11
"168",301,11,11,11
"170",302,11,11,11
"94",303,11,7,11
"2020",304,11,NA,11
"2021",305,11,NA,11
"145",306,11,11,11
"608",307,11,2,11
"2022",308,11,NA,11
"1451",309,11,NA,11
"144",310,11,11,11
"146",311,11,11,11
"268",312,11,NA,11
"191",313,11,11,11
"269",314,11,NA,11
"1452",315,11,NA,11
"270",316,11,NA,11
"1807",317,11,12,11
"2023",318,11,NA,11
"1606",319,11,NA,11
"2481",320,11,6,11
"1370",321,11,NA,11
"1453",322,11,NA,11
"1288",323,11,4,11
"1776",324,11,12,11
"1607",325,11,NA,11
"547",326,11,1,11
"2025",327,11,NA,11
"194",328,11,11,11
"2026",329,11,NA,11
"511",330,11,1,11
"1770",331,11,12,11
"512",332,11,1,11
"2027",333,11,NA,11
"2339",334,11,NA,11
"2757",335,13,9,11
"2758",335,13,8,13
"2816",336,13,NA,13
"2125",337,13,NA,13
"1609",338,13,NA,13
"393",339,13,13,13
"2817",340,13,NA,13
"812",341,13,NA,13
"390",342,13,13,13
"1610",343,13,NA,13
"398",344,13,13,13
"440",345,13,13,13
"438",346,13,13,13
"1372",347,13,NA,13
"432",348,13,13,13
"394",349,13,13,13
"1611",350,13,NA,13
"387",351,13,13,13
"2127",352,13,NA,13
"1455",353,13,NA,13
"406",354,13,13,13
"1456",355,13,NA,13
"1612",356,13,NA,13
"816",357,13,NA,13
"817",358,13,NA,13
"455",359,13,13,13
"415",360,13,13,13
"443",361,13,13,13
"392",362,13,13,13
"403",363,13,13,13
"404",364,13,13,13
"431",365,13,13,13
"417",366,13,13,13
"614",367,13,2,13
"420",368,13,13,13
"1826",369,13,NA,13
"1615",370,13,NA,13
"1827",371,13,NA,13
"409",372,13,13,13
"426",373,13,13,13
"677",374,13,2,13
"465",375,13,13,13
"413",376,13,13,13
"1397",377,13,NA,13
"472",378,13,13,13
"433",379,13,13,13
"400",380,13,13,13
"112",381,6,7,13
"783",382,6,NA,6
"40",383,6,7,6
"523",384,6,1,6
"500",385,6,1,6
"2449",386,6,6,6
"2446",387,6,6,6
"2495",388,6,6,6
"821",389,6,NA,6
"493",390,6,1,6
"822",391,6,NA,6
"2474",392,6,6,6
"573",393,6,1,6
"1565",394,6,NA,6
"2526",395,6,6,6
"686",396,6,2,6
"2505",397,6,6,6
"1842",398,6,NA,6
"2531",399,6,6,6
"2521",400,6,6,6
"127",401,6,7,6
"2471",402,6,6,6
"2514",403,6,6,6
"902",404,6,NA,6
"824",405,6,NA,6
"1364",406,6,NA,6
"2524",407,6,6,6
"2536",408,6,6,6
"2309",409,6,5,6
"893",410,6,NA,6
"487",411,6,1,6
"2479",412,6,6,6
"2484",413,6,6,6
"2483",414,6,6,6
"2443",415,6,6,6
"1618",416,6,NA,6
"110",417,6,7,6
"2515",418,6,6,6
"2487",419,6,6,6
"2490",420,6,6,6
"2476",421,6,6,6
"825",422,6,NA,6
"2462",423,6,6,6
"786",424,6,NA,6
"1567",425,6,NA,6
"1295",426,13,4,6
"1060",427,13,NA,13
"2807",428,13,NA,13
"2231",429,13,5,13
"1080",430,13,NA,13
"1061",431,13,NA,13
"1062",432,13,NA,13
"37",433,13,7,13
"1000",434,13,10,13
"1063",435,13,NA,13
"1153",436,13,NA,13
"1154",437,13,NA,13
"1044",438,13,10,13
"787",439,13,NA,13
"827",440,13,NA,13
"1341",441,13,4,13
"2793",442,13,9,13
"2794",442,13,8,13
"788",443,13,NA,13
"2322",444,13,NA,13
"1299",445,13,4,13
"1343",446,13,4,13
"1331",447,13,4,13
"548",448,13,1,13
"2264",449,13,5,13
"2308",450,13,5,13
"746",451,13,2,13
"789",452,13,NA,13
"553",453,13,1,13
"1309",454,13,4,13
"1313",455,13,4,13
"1358",456,13,4,13
"232",457,13,NA,13
"1351",458,13,4,13
"2324",459,13,NA,13
"1327",460,13,4,13
"2248",461,13,5,13
"1260",462,13,4,13
"1227",463,13,4,13
"1237",464,13,4,13
"1465",465,1,NA,13
"2312",466,1,5,1
"1717",467,1,12,1
"1817",468,1,12,1
"831",469,1,NA,1
"530",470,1,1,1
"234",471,1,NA,1
"918",472,1,10,1
"533",473,1,1,1
"534",474,1,1,1
"1885",475,1,3,1
"832",476,1,NA,1
"537",477,1,1,1
"1628",478,1,NA,1
"2325",479,1,NA,1
"2043",480,1,NA,1
"541",481,1,1,1
"542",482,1,1,1
"83",483,1,7,1
"544",484,1,1,1
"2360",485,1,NA,1
"586",486,1,1,1
"2820",487,1,NA,1
"739",488,1,2,1
"589",489,1,1,1
"1831",490,1,NA,1
"235",491,1,NA,1
"2343",492,1,NA,1
"2326",493,1,NA,1
"2327",494,1,NA,1
"236",495,1,NA,1
"2344",496,1,NA,1
"237",497,1,NA,1
"281",498,1,NA,1
"1317",499,1,4,1
"2328",500,1,NA,1
"2329",501,1,NA,1
"562",502,1,1,1
"284",503,1,NA,1
"238",504,1,NA,1
"2361",505,1,NA,1
"566",506,1,1,1
"2330",507,1,NA,1
"2331",508,1,NA,1
"1833",509,13,NA,1
"287",510,13,NA,13
"1580",511,13,NA,13
"239",512,13,NA,13
"2810",513,13,NA,13
"471",514,13,13,13
"290",515,13,NA,13
"1474",516,13,NA,13
"240",517,13,NA,13
"1138",518,13,NA,13
"1412",519,13,NA,13
"714",520,13,2,13
"241",521,13,NA,13
"2811",522,13,NA,13
"242",523,13,NA,13
"243",524,13,NA,13
"448",525,13,13,13
"291",526,13,NA,13
"978",527,13,10,13
"244",528,13,NA,13
"2120",529,13,NA,13
"944",530,13,10,13
"1413",531,13,NA,13
"1139",532,13,NA,13
"2812",533,13,NA,13
"245",534,13,NA,13
"1140",535,13,NA,13
"1166",536,13,NA,13
"1082",537,13,NA,13
"1083",538,13,NA,13
"710",539,13,2,13
"1416",540,13,NA,13
"711",541,13,2,13
"1478",542,13,NA,13
"1141",543,13,NA,13
"1142",544,13,NA,13
"1143",545,13,NA,13
"1637",546,13,NA,13
"1906",547,13,3,13
"1583",548,13,NA,13
"451",549,13,13,13
"1932",550,13,3,13
"1834",551,13,NA,13
"1835",552,13,NA,13
"919",553,13,10,13
"384",554,9,13,13
"297",555,9,NA,9
"298",556,9,NA,9
"476",557,9,13,9
"1479",558,9,NA,9
"497",559,9,1,9
"2050",560,9,NA,9
"2009",561,9,NA,9
"454",562,9,13,9
"1462",563,9,NA,9
"468",564,9,13,9
"95",565,9,7,9
"2051",566,9,NA,9
"479",567,9,13,9
"1422",568,9,NA,9
"1590",569,9,NA,9
"837",570,9,NA,9
"182",571,9,11,9
"994",572,9,10,9
"2012",573,9,NA,9
"1592",574,9,NA,9
"798",575,9,NA,9
"425",576,9,13,9
"482",577,9,13,9
"759",578,9,2,9
"276",579,9,NA,9
"447",580,9,13,9
"1424",581,9,NA,9
"1836",582,9,NA,9
"1480",583,9,NA,9
"2369",584,9,NA,9
"801",585,9,NA,9
"399",586,9,13,9
"2013",587,9,NA,9
"1716",588,9,12,9
"2333",589,9,NA,9
"1070",590,9,NA,9
"416",591,9,13,9
"248",592,9,NA,9
"446",593,9,13,9
"628",594,9,2,9
"2014",595,9,NA,9
"2015",596,9,NA,9
"1643",597,9,NA,9
"536",598,1,1,9
"249",599,1,NA,1
"538",600,1,1,1
"2371",601,1,NA,1
"300",602,1,NA,1
"1427",603,1,NA,1
"250",604,1,NA,1
"251",605,1,NA,1
"1597",606,1,NA,1
"517",607,1,1,1
"20",608,1,7,1
"804",609,1,NA,1
"1598",610,1,NA,1
"2017",611,1,NA,1
"252",612,1,NA,1
"2815",613,1,NA,1
"2225",614,1,5,1
"279",615,1,NA,1
"302",616,1,NA,1
"490",617,1,1,1
"303",618,1,NA,1
"254",619,1,NA,1
"304",620,1,NA,1
"87",621,1,7,1
"255",622,1,NA,1
"305",623,1,NA,1
"256",624,1,NA,1
"285",625,1,NA,1
"307",626,1,NA,1
"286",627,1,NA,1
"309",628,1,NA,1
"310",629,1,NA,1
"311",630,1,NA,1
"312",631,1,NA,1
"258",632,1,NA,1
"313",633,1,NA,1
"572",634,1,1,1
"260",635,1,NA,1
"314",636,1,NA,1
"2527",637,2,6,1
"841",638,2,NA,2
"2253",639,2,5,2
"1489",640,2,NA,2
"833",641,2,NA,2
"842",642,2,NA,2
"834",643,2,NA,2
"2511",644,2,6,2
"2053",645,2,NA,2
"1651",646,2,NA,2
"2501",647,2,6,2
"2500",648,2,6,2
"2535",649,2,6,2
"843",650,2,NA,2
"805",651,2,NA,2
"2507",652,2,6,2
"2480",653,2,6,2
"263",654,2,NA,2
"2529",655,2,6,2
"1009",656,2,10,2
"2522",657,2,6,2
"2460",658,2,6,2
"806",659,2,NA,2
"807",660,2,NA,2
"1736",661,2,12,2
"2464",662,2,6,2
"2475",663,2,6,2
"2438",664,2,6,2
"2486",665,2,6,2
"2437",666,2,6,2
"1449",667,2,NA,2
"2467",668,2,6,2
"196",669,2,11,2
"1450",670,2,NA,2
"66",671,2,7,2
"2497",672,2,6,2
"1638",673,2,NA,2
"1369",674,2,NA,2
"2469",675,2,6,2
"1491",676,2,NA,2
"808",677,2,NA,2
"907",678,6,NA,2
"846",679,6,NA,6
"2466",680,6,6,6
"2534",681,6,6,6
"848",682,6,NA,6
"2528",683,6,6,6
"809",684,6,NA,6
"2822",685,6,NA,6
"1175",686,6,NA,6
"810",687,6,NA,6
"1956",688,6,3,6
"849",689,6,NA,6
"2024",690,6,NA,6
"850",691,6,NA,6
"2516",692,6,6,6
"2834",693,6,NA,6
"1608",694,6,NA,6
"811",695,6,NA,6
"2615",696,6,9,6
"2616",696,6,8,6
"851",697,6,NA,6
"324",698,6,NA,6
"2028",699,6,NA,6
"1639",700,6,NA,6
"1655",701,6,NA,6
"852",702,6,NA,6
"2489",703,6,6,6
"2450",704,6,6,6
"90",705,6,7,6
"813",706,6,NA,6
"2465",707,6,6,6
"814",708,6,NA,6
"2523",709,6,6,6
"527",710,6,1,6
"2060",711,6,NA,6
"815",712,6,NA,6
"2472",713,6,6,6
"2470",714,6,6,6
"2030",715,6,NA,6
"2459",716,6,6,6
"1912",717,6,3,6
"2504",718,6,6,6
"2519",719,6,6,6
"1743",720,2,12,6
"2478",721,2,6,2
"1812",722,2,12,2
"1805",723,2,12,2
"1799",724,2,12,2
"1813",725,2,12,2
"1785",726,2,12,2
"1735",727,2,12,2
"818",728,2,NA,2
"2319",729,2,NA,2
"1614",730,2,NA,2
"2218",731,2,5,2
"1330",732,2,4,2
"2128",733,2,NA,2
"2493",734,2,6,2
"2518",735,2,6,2
"782",736,2,NA,2
"1996",737,2,NA,2
"18",738,2,7,2
"2213",739,2,5,2
"2204",740,2,5,2
"820",741,2,NA,2
"1059",742,2,NA,2
"1741",743,2,12,2
"2321",744,2,NA,2
"60",745,2,7,2
"2267",746,2,5,2
"1274",747,2,4,2
"2224",748,2,5,2
"1888",749,2,3,2
"1720",750,2,12,2
"2219",751,2,5,2
"784",752,2,NA,2
"2381",753,2,NA,2
"2217",754,2,5,2
"2063",755,2,NA,2
"2034",756,2,NA,2
"221",757,2,NA,2
"2347",758,2,NA,2
"1975",759,2,3,2
"1977",760,2,3,2
"729",761,2,2,2
"2144",762,2,NA,2
"1149",763,2,NA,2
"470",764,2,13,2
"717",765,2,2,2
"1896",766,2,3,2
"694",767,2,2,2
"1101",768,2,NA,2
"1665",769,2,NA,2
"187",770,2,11,2
"39",771,2,7,2
"464",772,2,13,2
"590",773,2,1,2
"599",774,2,2,2
"976",775,2,10,2
"921",776,2,10,2
"1458",777,2,NA,2
"2508",778,2,6,2
"1150",779,2,NA,2
"1666",780,2,NA,2
"751",781,2,2,2
"1566",782,2,NA,2
"895",783,2,NA,2
"1026",784,2,10,2
"1151",785,2,NA,2
"646",786,2,2,2
"1619",787,2,NA,2
"2453",788,2,6,2
"718",789,2,2,2
"1568",790,2,NA,2
"624",791,2,2,2
"1152",792,2,NA,2
"1135",793,2,NA,2
"1654",794,2,NA,2
"1604",795,2,NA,2
"2819",796,2,NA,2
"1569",797,2,NA,2
"726",798,2,2,2
"685",799,2,2,2
"766",800,2,2,2
"770",801,2,2,2
"767",802,2,2,2
"1155",803,2,NA,2
"1503",804,2,NA,2
"757",805,2,2,2
"652",806,2,2,2
"668",807,2,2,2
"828",808,2,NA,2
"1966",809,2,3,2
"1136",810,2,NA,2
"1137",811,2,NA,2
"1999",812,2,NA,2
"1157",813,2,NA,2
"1622",814,2,NA,2
"903",815,2,NA,2
"463",816,2,13,2
"2530",817,2,6,2
"1464",818,2,NA,2
"775",819,2,2,2
"516",820,2,1,2
"190",821,2,11,2
"762",822,2,2,2
"2485",823,2,6,2
"1955",824,2,3,2
"2623",825,2,9,2
"2624",825,2,8,2
"2439",826,2,6,2
"563",827,2,1,2
"1714",828,2,12,2
"647",829,2,2,2
"1625",830,2,NA,2
"620",831,2,2,2
"598",832,2,2,2
"2498",833,2,6,2
"636",834,2,2,2
"654",835,2,2,2
"1880",836,2,3,2
"604",837,2,2,2
"1574",838,2,NA,2
"612",839,2,2,2
"779",840,2,2,2
"618",841,2,2,2
"743",842,2,2,2
"159",843,2,11,2
"1106",844,2,NA,2
"1468",845,2,NA,2
"692",846,2,2,2
"1577",847,2,NA,2
"666",848,2,2,2
"738",849,2,2,2
"1469",850,2,NA,2
"1179",851,2,NA,2
"1915",852,2,3,2
"2044",853,3,NA,2
"697",854,3,2,3
"437",855,3,13,3
"1940",856,3,3,3
"173",857,3,11,3
"1944",858,3,3,3
"280",859,3,NA,3
"1742",860,3,12,3
"1931",861,3,3,3
"670",862,3,2,3
"1069",863,3,NA,3
"282",864,3,NA,3
"1928",865,3,3,3
"165",866,3,11,3
"1892",867,3,3,3
"1148",868,3,NA,3
"308",869,3,NA,3
"1898",870,3,3,3
"1629",871,3,NA,3
"1630",872,3,NA,3
"1631",873,3,NA,3
"1950",874,3,3,3
"680",875,3,2,3
"1632",876,3,NA,3
"683",877,3,2,3
"1581",878,3,NA,3
"1180",879,3,NA,3
"2150",880,3,NA,3
"1162",881,3,NA,3
"1616",882,3,NA,3
"1936",883,3,3,3
"1949",884,3,3,3
"1934",885,3,3,3
"1617",886,3,NA,3
"1081",887,3,NA,3
"185",888,3,11,3
"1272",889,3,4,3
"869",890,3,NA,3
"730",891,3,2,3
"61",892,3,7,3
"1375",893,3,NA,3
"2006",894,3,NA,3
"2363",895,3,NA,3
"591",896,3,1,3
"1165",897,3,NA,3
"292",898,3,NA,3
"906",899,2,NA,3
"2499",900,2,6,2
"2513",901,2,6,2
"1982",902,2,3,2
"752",903,2,2,2
"1914",904,2,3,2
"899",905,2,NA,2
"2441",906,2,6,2
"2047",907,2,NA,2
"167",908,2,11,2
"1636",909,2,NA,2
"2076",910,2,NA,2
"2455",911,2,6,2
"650",912,2,2,2
"2496",913,2,6,2
"639",914,2,2,2
"1971",915,2,3,2
"613",916,2,2,2
"655",917,2,2,2
"722",918,2,2,2
"777",919,2,2,2
"781",920,2,2,2
"836",921,2,NA,2
"2077",922,2,NA,2
"1587",923,2,NA,2
"1108",924,2,NA,2
"769",925,2,2,2
"2141",926,2,NA,2
"1670",927,2,NA,2
"689",928,2,2,2
"1965",929,2,3,2
"667",930,2,2,2
"1589",931,2,NA,2
"754",932,2,2,2
"2142",933,2,NA,2
"740",934,2,2,2
"2011",935,2,NA,2
"838",936,2,NA,2
"1847",937,2,NA,2
"2520",938,2,6,2
"2454",939,2,6,2
"799",940,2,NA,2
"839",941,2,NA,2
"162",942,8,11,2
"707",943,8,2,8
"706",944,8,2,8
"2681",945,8,9,8
"2682",945,8,8,8
"2705",946,8,9,8
"2706",946,8,8,8
"153",947,8,11,8
"1863",948,8,NA,8
"1481",949,8,NA,8
"1837",950,8,NA,8
"1245",951,8,4,8
"1596",952,8,NA,8
"1482",953,8,NA,8
"1640",954,8,NA,8
"176",955,8,11,8
"1641",956,8,NA,8
"1374",957,8,NA,8
"2123",958,8,NA,8
"152",959,8,11,8
"2565",960,8,9,8
"2566",960,8,8,8
"405",961,8,13,8
"1723",962,8,12,8
"1644",963,8,NA,8
"181",964,8,11,8
"1864",965,8,NA,8
"2171",966,8,NA,8
"102",967,8,7,8
"1038",968,8,10,8
"1484",969,8,NA,8
"1848",970,8,NA,8
"1849",971,8,NA,8
"1838",972,8,NA,8
"1846",973,8,NA,8
"1029",974,8,10,8
"990",975,8,10,8
"1486",976,8,NA,8
"1470",977,8,NA,8
"2687",978,8,9,8
"2688",978,8,8,8
"1958",979,8,3,8
"840",980,8,NA,8
"452",981,8,13,8
"1511",982,8,NA,8
"1850",983,8,NA,8
"867",984,8,NA,8
"1648",985,8,NA,8
"1967",986,11,3,8
"2156",987,11,NA,11
"1487",988,11,NA,11
"1193",989,11,NA,11
"1099",990,11,NA,11
"1859",991,11,NA,11
"2158",992,11,NA,11
"2842",993,11,NA,11
"997",994,11,10,11
"2159",995,11,NA,11
"1488",996,11,NA,11
"356",997,11,NA,11
"1649",998,11,NA,11
"1851",999,11,NA,11
"2399",1000,11,NA,11
"657",1001,11,2,11
"991",1002,11,10,11
"763",1003,11,2,11
"1679",1004,11,NA,11
"1107",1005,11,NA,11
"2151",1006,11,NA,11
"2162",1007,11,NA,11
"1650",1008,11,NA,11
"2175",1009,11,NA,11
"641",1010,11,2,11
"1167",1011,11,NA,11
"625",1012,11,2,11
"1168",1013,11,NA,11
"662",1014,11,2,11
"315",1015,11,NA,11
"2146",1016,11,NA,11
"634",1017,11,2,11
"660",1018,11,2,11
"1169",1019,11,NA,11
"1144",1020,11,NA,11
"1603",1021,11,NA,11
"2337",1022,11,NA,11
"1170",1023,11,NA,11
"2288",1024,11,5,11
"2338",1025,11,NA,11
"1789",1026,11,12,11
"999",1027,11,10,11
"1171",1028,11,NA,11
"1145",1029,11,NA,11
"1146",1030,11,NA,11
"1172",1031,11,NA,11
"318",1032,3,NA,11
"105",1033,3,7,3
"935",1034,3,10,3
"622",1035,3,2,3
"835",1036,3,NA,3
"1184",1037,3,NA,3
"296",1038,3,NA,3
"267",1039,3,NA,3
"728",1040,3,2,3
"1089",1041,3,NA,3
"535",1042,3,1,3
"1869",1043,3,NA,3
"109",1044,3,7,3
"1605",1045,3,NA,3
"1357",1046,3,4,3
"107",1047,3,7,3
"1084",1048,3,NA,3
"1110",1049,3,NA,3
"30",1050,3,7,3
"1090",1051,3,NA,3
"696",1052,3,2,3
"1534",1053,3,NA,3
"2147",1054,3,NA,3
"1518",1055,3,NA,3
"698",1056,3,2,3
"744",1057,3,2,3
"1961",1058,3,3,3
"938",1059,3,10,3
"92",1060,3,7,3
"1696",1061,3,NA,3
"1121",1062,3,NA,3
"1979",1063,3,3,3
"1519",1064,3,NA,3
"1988",1065,3,3,3
"1301",1066,3,4,3
"84",1067,3,7,3
"2058",1068,3,NA,3
"1492",1069,3,NA,3
"1656",1070,3,NA,3
"8",1071,3,7,3
"1853",1072,3,NA,3
"2340",1073,3,NA,3
"1890",1074,3,3,3
"1923",1075,3,3,3
"1772",1076,3,12,3
"1924",1077,3,3,3
"1887",1078,3,3,3
"1894",1079,3,3,3
"1094",1080,3,NA,3
"2148",1081,3,NA,3
"1879",1082,3,3,3
"1087",1083,3,NA,3
"1991",1084,3,3,3
"1995",1085,3,3,3
"1986",1086,3,3,3
"2342",1087,3,NA,3
"1948",1088,3,3,3
"1920",1089,3,3,3
"1613",1090,3,NA,3
"1076",1091,3,NA,3
"1178",1092,3,NA,3
"1919",1093,3,3,3
"1088",1094,3,NA,3
"737",1095,3,2,3
"658",1096,3,2,3
"1916",1097,3,3,3
"1883",1098,3,3,3
"1429",1099,3,NA,3
"619",1100,3,2,3
"631",1101,3,2,3
"1134",1102,3,NA,3
"1897",1103,3,3,3
"1904",1104,3,3,3
"2062",1105,3,NA,3
"1909",1106,3,3,3
"1563",1107,3,NA,3
"1899",1108,3,3,3
"143",1109,3,11,3
"2032",1110,3,NA,3
"1929",1111,3,3,3
"1891",1112,3,3,3
"1881",1113,3,3,3
"2110",1114,3,NA,3
"2131",1115,3,NA,3
"1907",1116,3,3,3
"1686",1117,3,NA,3
"1895",1118,3,3,3
"423",1119,3,13,3
"1926",1120,3,3,3
"1373",1121,4,NA,3
"2373",1122,4,NA,4
"1997",1123,4,NA,4
"823",1124,4,NA,4
"934",1125,4,10,4
"2091",1126,4,NA,4
"1498",1127,4,NA,4
"2348",1128,4,NA,4
"504",1129,4,1,4
"467",1130,4,13,4
"2804",1131,4,NA,4
"28",1132,4,7,4
"2845",1133,4,NA,4
"2597",1134,4,9,4
"2598",1134,4,8,4
"1365",1135,4,NA,4
"2351",1136,4,NA,4
"2133",1137,4,NA,4
"964",1138,4,10,4
"2805",1139,4,NA,4
"1402",1140,4,NA,4
"1310",1141,4,4,4
"2352",1142,4,NA,4
"1324",1143,4,4,4
"2423",1144,4,NA,4
"2353",1145,4,NA,4
"1459",1146,4,NA,4
"2818",1147,4,NA,4
"1403",1148,4,NA,4
"59",1149,4,7,4
"925",1150,4,10,4
"2376",1151,4,NA,4
"957",1152,4,10,4
"1283",1153,4,4,4
"1460",1154,4,NA,4
"2355",1155,4,NA,4
"917",1156,4,10,4
"1238",1157,4,4,4
"972",1158,4,10,4
"1273",1159,4,4,4
"1239",1160,4,4,4
"1461",1161,4,NA,4
"977",1162,4,10,4
"2037",1163,4,NA,4
"1501",1164,4,NA,4
"1502",1165,6,NA,4
"1054",1166,6,10,6
"1186",1167,6,NA,6
"1187",1168,6,NA,6
"478",1169,6,13,6
"735",1170,6,2,6
"2135",1171,6,NA,6
"1671",1172,6,NA,6
"2502",1173,6,6,6
"1156",1174,6,NA,6
"829",1175,6,NA,6
"741",1176,6,2,6
"1176",1177,6,NA,6
"1672",1178,6,NA,6
"1190",1179,6,NA,6
"1053",1180,6,10,6
"3",1181,6,7,6
"2444",1182,6,6,6
"2039",1183,6,NA,6
"1407",1184,6,NA,6
"2137",1185,6,NA,6
"736",1186,6,2,6
"983",1187,6,10,6
"1953",1188,6,3,6
"1027",1189,6,10,6
"1571",1190,6,NA,6
"928",1191,6,10,6
"233",1192,6,NA,6
"1506",1193,6,NA,6
"1382",1194,6,NA,6
"1160",1195,6,NA,6
"651",1196,6,2,6
"747",1197,6,2,6
"679",1198,6,2,6
"1466",1199,6,NA,6
"1573",1200,6,NA,6
"1886",1201,6,3,6
"1627",1202,6,NA,6
"1409",1203,6,NA,6
"773",1204,6,2,6
"2117",1205,6,NA,6
"1192",1206,6,NA,6
"2138",1207,6,NA,6
"1207",1208,6,NA,6
"2155",1209,6,NA,6
"1576",1210,6,NA,6
"1844",1211,10,NA,6
"444",1212,10,13,10
"1508",1213,10,NA,10
"682",1214,10,2,10
"2172",1215,10,NA,10
"699",1216,10,2,10
"954",1217,10,10,10
"1002",1218,10,10,10
"962",1219,10,10,10
"1659",1220,10,NA,10
"943",1221,10,10,10
"926",1222,10,10,10
"984",1223,10,10,10
"638",1224,10,2,10
"1011",1225,10,10,10
"712",1226,10,2,10
"713",1227,10,2,10
"2488",1228,10,6,10
"975",1229,10,10,10
"973",1230,10,10,10
"1660",1231,10,NA,10
"1022",1232,10,10,10
"649",1233,10,2,10
"1579",1234,10,NA,10
"1100",1235,10,NA,10
"678",1236,10,2,10
"761",1237,10,2,10
"968",1238,10,10,10
"681",1239,10,2,10
"2160",1240,10,NA,10
"765",1241,10,2,10
"725",1242,10,2,10
"2161",1243,10,NA,10
"1279",1244,10,4,10
"778",1245,10,2,10
"1663",1246,10,NA,10
"1006",1247,10,10,10
"780",1248,10,2,10
"1633",1249,10,NA,10
"1664",1250,10,NA,10
"2073",1251,10,NA,10
"1476",1252,10,NA,10
"998",1253,10,10,10
"1547",1254,10,NA,10
"1477",1255,10,NA,10
"1163",1256,10,NA,10
"2401",1257,5,NA,10
"2362",1258,5,NA,5
"2266",1259,5,5,5
"2251",1260,5,5,5
"1676",1261,5,NA,5
"1383",1262,5,NA,5
"2482",1263,5,6,5
"2206",1264,5,5,5
"2074",1265,5,NA,5
"1861",1266,5,NA,5
"293",1267,5,NA,5
"1635",1268,5,NA,5
"532",1269,5,1,5
"1516",1270,5,NA,5
"2375",1271,5,NA,5
"2196",1272,5,5,5
"2403",1273,5,NA,5
"2428",1274,5,NA,5
"1417",1275,5,NA,5
"2256",1276,5,5,5
"2241",1277,5,5,5
"2298",1278,5,5,5
"501",1279,5,1,5
"2215",1280,5,5,5
"492",1281,5,1,5
"2236",1282,5,5,5
"1500",1283,5,NA,5
"2311",1284,5,5,5
"2293",1285,5,5,5
"1801",1286,5,12,5
"2140",1287,5,NA,5
"2314",1288,5,5,5
"1792",1289,5,12,5
"2269",1290,5,5,5
"2095",1291,5,NA,5
"148",1292,5,11,5
"2365",1293,5,NA,5
"1747",1294,5,12,5
"2366",1295,5,NA,5
"299",1296,7,NA,5
"2408",1297,7,NA,7
"2837",1298,7,NA,7
"2823",1299,7,NA,7
"11",1300,7,7,7
"2840",1301,7,NA,7
"2824",1302,7,NA,7
"91",1303,7,7,7
"513",1304,7,1,7
"2410",1305,7,NA,7
"2825",1306,7,NA,7
"1285",1307,7,4,7
"2814",1308,7,NA,7
"33",1309,7,7,7
"2052",1310,7,NA,7
"1305",1311,7,4,7
"1129",1312,7,NA,7
"1278",1313,7,4,7
"41",1314,7,7,7
"2826",1315,7,NA,7
"2827",1316,7,NA,7
"526",1317,7,1,7
"2405",1318,7,NA,7
"1483",1319,7,NA,7
"2835",1320,7,NA,7
"2839",1321,7,NA,7
"2828",1322,7,NA,7
"2829",1323,7,NA,7
"505",1324,7,1,7
"2394",1325,7,NA,7
"2334",1326,7,NA,7
"2412",1327,7,NA,7
"2370",1328,7,NA,7
"539",1329,7,1,7
"2436",1330,7,NA,7
"1051",1331,7,10,7
"2831",1332,7,NA,7
"81",1333,7,7,7
"1113",1334,7,NA,7
"2843",1335,7,NA,7
"1485",1336,7,NA,7
"1495",1337,7,NA,7
"1748",1338,7,12,7
"2278",1339,7,5,7
"32",1340,7,7,7
"510",1341,7,1,7
"72",1342,7,7,7
"1728",1343,7,12,7
"2087",1344,7,NA,7
"1917",1345,7,3,7
"2419",1346,7,NA,7
"2088",1347,7,NA,7
"200",1348,7,11,7
"2413",1349,7,NA,7
"2372",1350,7,NA,7
"1276",1351,7,4,7
"506",1352,7,1,7
"871",1353,7,NA,7
"24",1354,7,7,7
"1",1355,7,7,7
"2421",1356,7,NA,7
"771",1357,7,2,7
"1256",1358,7,4,7
"749",1359,7,2,7
"724",1360,7,2,7
"116",1361,7,7,7
"4",1362,7,7,7
"1689",1363,7,NA,7
"2414",1364,7,NA,7
"1750",1365,7,12,7
"126",1366,7,7,7
"1794",1367,7,12,7
"1125",1368,7,NA,7
"1818",1369,7,12,7
"499",1370,7,1,7
"2295",1371,7,5,7
"119",1372,7,7,7
"1786",1373,7,12,7
"868",1374,7,NA,7
"1745",1375,7,12,7
"1724",1376,7,12,7
"1525",1377,7,NA,7
"2093",1378,7,NA,7
"1721",1379,7,12,7
"1780",1380,7,12,7
"44",1381,1,7,7
"1740",1382,1,12,1
"2409",1383,1,NA,1
"80",1384,1,7,1
"1652",1385,1,NA,1
"1802",1386,1,12,1
"2846",1387,1,NA,1
"1808",1388,1,12,1
"317",1389,1,NA,1
"1328",1390,1,4,1
"1762",1391,1,12,1
"1725",1392,1,12,1
"522",1393,1,1,1
"1727",1394,1,12,1
"2844",1395,1,NA,1
"2404",1396,1,NA,1
"1767",1397,1,12,1
"491",1398,1,1,1
"1744",1399,1,12,1
"1804",1400,1,12,1
"1739",1401,1,12,1
"531",1402,1,1,1
"15",1403,1,7,1
"1810",1404,1,12,1
"1793",1405,1,12,1
"1824",1406,1,12,1
"1822",1407,1,12,1
"1819",1408,1,12,1
"847",1409,1,NA,1
"1820",1410,1,12,1
"2377",1411,1,NA,1
"1803",1412,1,12,1
"1788",1413,1,12,1
"1746",1414,1,12,1
"1790",1415,1,12,1
"1371",1416,1,NA,1
"1733",1417,1,12,1
"1388",1418,1,NA,1
"1535",1419,1,NA,1
"1454",1420,1,NA,1
"1112",1421,4,NA,1
"2378",1422,4,NA,4
"1379",1423,4,NA,4
"1240",1424,4,4,4
"753",1425,4,2,4
"1766",1426,4,12,4
"1091",1427,4,NA,4
"2389",1428,4,NA,4
"1284",1429,4,4,4
"1277",1430,4,4,4
"1300",1431,4,4,4
"1249",1432,4,4,4
"1307",1433,4,4,4
"1252",1434,4,4,4
"1251",1435,4,4,4
"610",1436,4,2,4
"2059",1437,4,NA,4
"2029",1438,4,NA,4
"1257",1439,4,4,4
"1241",1440,4,4,4
"1254",1441,4,4,4
"1086",1442,4,NA,4
"1093",1443,4,NA,4
"36",1444,4,7,4
"1715",1445,4,12,4
"2341",1446,4,NA,4
"2395",1447,4,NA,4
"1816",1448,4,12,4
"2379",1449,4,NA,4
"128",1450,4,7,4
"1055",1451,4,10,4
"1075",1452,4,NA,4
"1339",1453,4,4,4
"327",1454,4,NA,4
"1013",1455,4,10,4
"67",1456,4,7,4
"272",1457,4,NA,4
"2396",1458,4,NA,4
"212",1459,4,NA,4
"273",1460,4,NA,4
"2380",1461,4,NA,4
"2633",1462,8,9,4
"2634",1462,8,8,8
"422",1463,8,13,8
"2657",1464,8,9,8
"2658",1464,8,8,8
"2541",1465,8,9,8
"2542",1465,8,8,8
"920",1466,8,10,8
"2603",1467,8,9,8
"2604",1467,8,8,8
"2611",1468,8,9,8
"2612",1468,8,8,8
"2079",1469,8,NA,8
"2345",1470,8,NA,8
"2130",1471,8,NA,8
"1840",1472,8,NA,8
"901",1473,8,NA,8
"1903",1474,8,3,8
"2551",1475,8,9,8
"2552",1475,8,8,8
"701",1476,8,2,8
"85",1477,8,7,8
"2208",1478,8,5,8
"1661",1479,8,NA,8
"2585",1480,8,9,8
"2586",1480,8,8,8
"2669",1481,8,9,8
"2670",1481,8,8,8
"1564",1482,8,NA,8
"1702",1483,8,NA,8
"421",1484,8,13,8
"2711",1485,8,9,8
"2712",1485,8,8,8
"2791",1486,8,9,8
"2792",1486,8,8,8
"2763",1487,8,9,8
"2764",1487,8,8,8
"2787",1488,8,9,8
"2788",1488,8,8,8
"2759",1489,8,9,8
"2760",1489,8,8,8
"776",1490,8,2,8
"745",1491,8,2,8
"2145",1492,8,NA,8
"2753",1493,8,9,8
"2754",1493,8,8,8
"2749",1494,8,9,8
"2750",1494,8,8,8
"35",1495,8,7,8
"1048",1496,8,10,8
"2751",1497,8,9,8
"2752",1497,8,8,8
"2737",1498,8,9,8
"2738",1498,8,8,8
"1077",1499,8,NA,8
"2717",1500,8,9,8
"2718",1500,8,8,8
"2689",1501,8,9,8
"2690",1501,8,8,8
"1947",1502,8,3,8
"2587",1503,8,9,8
"2588",1503,8,8,8
"1079",1504,3,NA,8
"334",1505,3,NA,3
"1097",1506,3,NA,3
"2152",1507,3,NA,3
"1976",1508,3,3,3
"1102",1509,3,NA,3
"1103",1510,3,NA,3
"1104",1511,3,NA,3
"1900",1512,3,3,3
"950",1513,3,10,3
"1884",1514,3,3,3
"2174",1515,3,NA,3
"2134",1516,3,NA,3
"1620",1517,3,NA,3
"1173",1518,3,NA,3
"949",1519,3,10,3
"1946",1520,3,3,3
"1621",1521,3,NA,3
"1196",1522,3,NA,3
"1174",1523,3,NA,3
"627",1524,3,2,3
"1969",1525,3,3,3
"1994",1526,3,3,3
"1185",1527,3,NA,3
"1993",1528,3,3,3
"1694",1529,3,NA,3
"1064",1530,3,NA,3
"1963",1531,3,3,3
"731",1532,3,2,3
"1968",1533,3,3,3
"1147",1534,3,NA,3
"1188",1535,3,NA,3
"2166",1536,3,NA,3
"626",1537,3,2,3
"1189",1538,3,NA,3
"1970",1539,3,3,3
"1941",1540,3,3,3
"1905",1541,3,3,3
"1981",1542,3,3,3
"2176",1543,3,NA,3
"1158",1544,3,NA,3
"1980",1545,3,3,3
"1945",1546,3,3,3
"1985",1547,3,3,3
"1159",1548,3,NA,3
"2765",1549,9,9,3
"2766",1549,9,8,9
"2779",1550,9,9,9
"2780",1550,9,8,9
"2677",1551,9,9,9
"2678",1551,9,8,9
"2733",1552,9,9,9
"2734",1552,9,8,9
"2452",1553,9,6,9
"2506",1554,9,6,9
"2491",1555,9,6,9
"2607",1556,9,9,9
"2608",1556,9,8,9
"2723",1557,9,9,9
"2724",1557,9,8,9
"2547",1558,9,9,9
"2548",1558,9,8,9
"2671",1559,9,9,9
"2672",1559,9,8,9
"2579",1560,9,9,9
"2580",1560,9,8,9
"2649",1561,9,9,9
"2650",1561,9,8,9
"2617",1562,9,9,9
"2618",1562,9,8,9
"2458",1563,9,6,9
"2589",1564,9,9,9
"2590",1564,9,8,9
"2808",1565,9,NA,9
"338",1566,9,NA,9
"2591",1567,9,9,9
"2592",1567,9,8,9
"1380",1568,9,NA,9
"2797",1569,9,9,9
"2798",1569,9,8,9
"480",1570,9,13,9
"339",1571,9,NA,9
"1809",1572,9,12,9
"734",1573,9,2,9
"904",1574,9,NA,9
"864",1575,9,NA,9
"1757",1576,9,12,9
"915",1577,9,NA,9
"1856",1578,9,NA,9
"914",1579,9,NA,9
"900",1580,9,NA,9
"1857",1581,9,NA,9
"905",1582,9,NA,9
"659",1583,9,2,9
"856",1584,9,NA,9
"388",1585,9,13,9
"602",1586,9,2,9
"1471",1587,9,NA,9
"2675",1588,9,9,9
"2676",1588,9,8,9
"2139",1589,7,NA,9
"1677",1590,7,NA,7
"1472",1591,7,NA,7
"1316",1592,7,4,7
"1473",1593,7,NA,7
"1248",1594,7,4,7
"1536",1595,7,NA,7
"2149",1596,7,NA,7
"1255",1597,7,4,7
"1841",1598,7,NA,7
"1531",1599,7,NA,7
"1512",1600,7,NA,7
"1513",1601,7,NA,7
"1297",1602,7,4,7
"1268",1603,7,4,7
"887",1604,7,NA,7
"100",1605,7,7,7
"2045",1606,7,NA,7
"2090",1607,7,NA,7
"1385",1608,7,NA,7
"1349",1609,7,4,7
"1523",1610,7,NA,7
"1475",1611,7,NA,7
"108",1612,7,7,7
"1322",1613,7,4,7
"1544",1614,7,NA,7
"2179",1615,7,NA,7
"1386",1616,7,NA,7
"2005",1617,7,NA,7
"1709",1618,7,NA,7
"2400",1619,7,NA,7
"2303",1620,7,5,7
"1266",1621,7,4,7
"1194",1622,7,NA,7
"1232",1623,7,4,7
"1164",1624,7,NA,7
"1224",1625,7,4,7
"1270",1626,7,4,7
"1510",1627,7,NA,7
"1340",1628,4,4,7
"1049",1629,4,10,4
"1796",1630,4,12,4
"1515",1631,4,NA,4
"1015",1632,4,10,4
"629",1633,4,2,4
"941",1634,4,10,4
"1719",1635,4,12,4
"1913",1636,4,3,4
"1293",1637,4,4,4
"1522",1638,4,NA,4
"294",1639,4,NA,4
"947",1640,4,10,4
"923",1641,4,10,4
"295",1642,4,NA,4
"1718",1643,4,12,4
"503",1644,4,1,4
"982",1645,4,10,4
"1734",1646,4,12,4
"953",1647,4,10,4
"1043",1648,4,10,4
"756",1649,4,2,4
"1354",1650,4,4,4
"1291",1651,4,4,4
"1703",1652,4,NA,4
"719",1653,4,2,4
"996",1654,4,10,4
"1050",1655,4,10,4
"1036",1656,4,10,4
"2290",1657,4,5,4
"1041",1658,4,10,4
"1287",1659,4,4,4
"1030",1660,4,10,4
"1942",1661,4,3,4
"1930",1662,4,3,4
"611",1663,4,2,4
"77",1664,4,7,4
"958",1665,4,10,4
"703",1666,4,2,4
"768",1667,4,2,4
"1085",1668,4,NA,4
"1025",1669,4,10,4
"750",1670,4,2,4
"1791",1671,4,12,4
"961",1672,4,10,4
"2368",1673,4,NA,4
"2573",1674,8,9,4
"2574",1674,8,8,8
"2575",1675,8,9,8
"2576",1675,8,8,8
"2609",1676,8,9,8
"2610",1676,8,8,8
"1685",1677,8,NA,8
"1378",1678,8,NA,8
"488",1679,8,1,8
"414",1680,8,13,8
"2665",1681,8,9,8
"2666",1681,8,8,8
"2699",1682,8,9,8
"2700",1682,8,8,8
"2070",1683,8,NA,8
"1123",1684,8,NA,8
"1553",1685,8,NA,8
"1687",1686,8,NA,8
"1520",1687,8,NA,8
"1642",1688,8,NA,8
"2543",1689,8,9,8
"2544",1689,8,8,8
"2571",1690,8,9,8
"2572",1690,8,8,8
"1130",1691,8,NA,8
"2170",1692,8,NA,8
"1555",1693,8,NA,8
"2853",1694,8,NA,8
"2830",1695,8,NA,8
"664",1696,8,2,8
"2085",1697,8,NA,8
"2289",1698,8,5,8
"2553",1699,8,9,8
"2554",1699,8,8,8
"866",1700,8,NA,8
"2595",1701,8,9,8
"2596",1701,8,8,8
"2655",1702,8,9,8
"2656",1702,8,8,8
"1645",1703,8,NA,8
"2071",1704,8,NA,8
"2549",1705,8,9,8
"2550",1705,8,8,8
"2659",1706,8,9,8
"2660",1706,8,8,8
"2539",1707,8,9,8
"2540",1707,8,8,8
"2559",1708,8,9,8
"2560",1708,8,8,8
"2605",1709,8,9,8
"2606",1709,8,8,8
"2643",1710,8,9,8
"2644",1710,8,8,8
"389",1711,8,13,8
"2673",1712,8,9,8
"2674",1712,8,8,8
"1738",1713,8,12,8
"2685",1714,8,9,8
"2686",1714,8,8,8
"2577",1715,8,9,8
"2578",1715,8,8,8
"1384",1716,10,NA,8
"1705",1717,10,NA,10
"2081",1718,10,NA,10
"1007",1719,10,10,10
"2184",1720,10,NA,10
"1693",1721,10,NA,10
"1951",1722,10,3,10
"1035",1723,10,10,10
"1028",1724,10,10,10
"1018",1725,10,10,10
"1016",1726,10,10,10
"2178",1727,10,NA,10
"1873",1728,10,NA,10
"1017",1729,10,10,10
"1019",1730,10,10,10
"942",1731,10,10,10
"469",1732,10,13,10
"1034",1733,10,10,10
"1056",1734,10,10,10
"2188",1735,10,NA,10
"1866",1736,10,NA,10
"1058",1737,10,10,10
"986",1738,10,10,10
"419",1739,10,13,10
"207",1740,10,11,10
"1032",1741,10,10,10
"980",1742,10,10,10
"1021",1743,10,10,10
"927",1744,10,10,10
"5",1745,10,7,10
"1852",1746,10,NA,10
"1933",1747,10,3,10
"732",1748,10,2,10
"1692",1749,10,NA,10
"748",1750,10,2,10
"1706",1751,10,NA,10
"2055",1752,10,NA,10
"987",1753,10,10,10
"1037",1754,10,10,10
"952",1755,10,10,10
"1668",1756,10,NA,10
"959",1757,10,10,10
"630",1758,10,2,10
"621",1759,10,2,10
"1862",1760,10,NA,10
"661",1761,10,2,10
"319",1762,1,NA,10
"266",1763,1,NA,1
"529",1764,1,1,1
"374",1765,1,NA,1
"347",1766,1,NA,1
"320",1767,1,NA,1
"2406",1768,1,NA,1
"361",1769,1,NA,1
"362",1770,1,NA,1
"509",1771,1,1,1
"321",1772,1,NA,1
"363",1773,1,NA,1
"1517",1774,1,NA,1
"322",1775,1,NA,1
"514",1776,1,1,1
"502",1777,1,1,1
"365",1778,1,NA,1
"335",1779,1,NA,1
"323",1780,1,NA,1
"2434",1781,1,NA,1
"1126",1782,1,NA,1
"366",1783,1,NA,1
"549",1784,1,1,1
"550",1785,1,1,1
"349",1786,1,NA,1
"352",1787,1,NA,1
"1074",1788,1,NA,1
"380",1789,1,NA,1
"515",1790,1,1,1
"1684",1791,1,NA,1
"557",1792,1,1,1
"558",1793,1,1,1
"518",1794,1,1,1
"271",1795,1,NA,1
"521",1796,1,1,1
"52",1797,1,7,1
"486",1798,1,1,1
"326",1799,1,NA,1
"524",1800,1,1,1
"2411",1801,1,NA,1
"1092",1802,1,NA,1
"875",1803,9,NA,1
"853",1804,9,NA,9
"653",1805,9,2,9
"136",1806,9,11,9
"178",1807,9,11,9
"1773",1808,9,12,9
"873",1809,9,NA,9
"607",1810,9,2,9
"2848",1811,9,NA,9
"854",1812,9,NA,9
"369",1813,9,NA,9
"2315",1814,9,5,9
"1493",1815,9,NA,9
"855",1816,9,NA,9
"2031",1817,9,NA,9
"2097",1818,9,NA,9
"1494",1819,9,NA,9
"2273",1820,9,5,9
"328",1821,9,NA,9
"155",1822,9,11,9
"2232",1823,9,5,9
"329",1824,9,NA,9
"874",1825,9,NA,9
"1646",1826,9,NA,9
"301",1827,9,NA,9
"2240",1828,9,5,9
"17",1829,9,7,9
"819",1830,9,NA,9
"1396",1831,9,NA,9
"2276",1832,9,5,9
"879",1833,9,NA,9
"189",1834,9,11,9
"1098",1835,9,NA,9
"988",1836,9,10,9
"1855",1837,9,NA,9
"306",1838,9,NA,9
"2226",1839,9,5,9
"2346",1840,9,NA,9
"2199",1841,9,5,9
"134",1842,9,11,9
"186",1843,11,11,9
"2033",1844,11,NA,11
"376",1845,11,NA,11
"2132",1846,11,NA,11
"2429",1847,11,NA,11
"179",1848,11,11,11
"2382",1849,11,NA,11
"1262",1850,11,4,11
"2035",1851,11,NA,11
"2374",1852,11,NA,11
"1318",1853,11,4,11
"1363",1854,11,4,11
"1514",1855,11,NA,11
"2415",1856,11,NA,11
"1321",1857,11,4,11
"1401",1858,11,NA,11
"2036",1859,11,NA,11
"2525",1860,11,6,11
"199",1861,11,11,11
"204",1862,11,11,11
"860",1863,11,NA,11
"742",1864,11,2,11
"2066",1865,11,NA,11
"1078",1866,11,NA,11
"1957",1867,11,3,11
"2836",1868,11,NA,11
"1282",1869,11,4,11
"665",1870,11,2,11
"197",1871,11,11,11
"210",1872,11,11,11
"2099",1873,11,NA,11
"2424",1874,11,NA,11
"2075",1875,11,NA,11
"2354",1876,11,NA,11
"2383",1877,11,NA,11
"2364",1878,11,NA,11
"1554",1879,11,NA,11
"2384",1880,11,NA,11
"2067",1881,11,NA,11
"78",1882,7,7,11
"1381",1883,7,NA,7
"1653",1884,7,NA,7
"2056",1885,7,NA,7
"2108",1886,7,NA,7
"2653",1887,7,9,7
"2654",1887,7,8,7
"2448",1888,7,6,7
"519",1889,7,1,7
"133",1890,7,7,7
"89",1891,7,7,7
"1962",1892,7,3,7
"1128",1893,7,NA,7
"111",1894,7,7,7
"1203",1895,7,NA,7
"1972",1896,7,3,7
"2510",1897,7,6,7
"908",1898,7,NA,7
"2707",1899,7,9,7
"2708",1899,7,8,7
"1711",1900,7,NA,7
"1998",1901,7,NA,7
"113",1902,7,7,7
"688",1903,7,2,7
"2136",1904,7,NA,7
"1683",1905,7,NA,7
"1688",1906,7,NA,7
"1710",1907,7,NA,7
"1987",1908,7,3,7
"1959",1909,7,3,7
"862",1910,7,NA,7
"1191",1911,7,NA,7
"863",1912,7,NA,7
"2057",1913,7,NA,7
"2000",1914,7,NA,7
"1623",1915,7,NA,7
"1624",1916,7,NA,7
"2001",1917,7,NA,7
"2040",1918,7,NA,7
"2041",1919,7,NA,7
"2210",1920,7,5,7
"9",1921,7,7,7
"386",1922,7,13,7
"16",1923,7,7,7
"1626",1924,7,NA,7
"93",1925,7,7,7
"38",1926,7,7,7
"936",1927,10,10,7
"1901",1928,10,3,10
"2042",1929,10,NA,10
"368",1930,10,NA,10
"1161",1931,10,NA,10
"351",1932,10,NA,10
"1467",1933,10,NA,10
"375",1934,10,NA,10
"129",1935,10,7,10
"1133",1936,10,NA,10
"96",1937,10,7,10
"340",1938,10,NA,10
"378",1939,10,NA,10
"1893",1940,10,3,10
"377",1941,10,NA,10
"1938",1942,10,3,10
"1939",1943,10,3,10
"1005",1944,10,10,10
"916",1945,10,10,10
"2532",1946,10,6,10
"277",1947,10,NA,10
"336",1948,10,NA,10
"27",1949,10,7,10
"274",1950,10,NA,10
"341",1951,10,NA,10
"330",1952,10,NA,10
"637",1953,10,2,10
"1390",1954,10,NA,10
"331",1955,10,NA,10
"342",1956,10,NA,10
"644",1957,10,2,10
"283",1958,10,NA,10
"1874",1959,10,NA,10
"2157",1960,10,NA,10
"385",1961,10,13,10
"332",1962,10,NA,10
"367",1963,10,NA,10
"872",1964,10,NA,10
"2169",1965,10,NA,10
"68",1966,10,7,10
"288",1967,10,NA,10
"2186",1968,10,NA,10
"289",1969,10,NA,10
"2398",1970,12,NA,10
"1753",1971,12,12,12
"1821",1972,12,12,12
"955",1973,12,10,12
"1992",1974,12,3,12
"1057",1975,12,10,12
"755",1976,12,2,12
"966",1977,12,10,12
"708",1978,12,2,12
"1040",1979,12,10,12
"1798",1980,12,12,12
"1732",1981,12,12,12
"2473",1982,12,6,12
"956",1983,12,10,12
"1860",1984,12,NA,12
"881",1985,12,NA,12
"1115",1986,12,NA,12
"946",1987,12,10,12
"1729",1988,12,12,12
"1797",1989,12,12,12
"1047",1990,12,10,12
"2107",1991,12,NA,12
"1010",1992,12,10,12
"1556",1993,12,NA,12
"1778",1994,12,12,12
"1764",1995,12,12,12
"1387",1996,12,NA,12
"1376",1997,12,NA,12
"951",1998,12,10,12
"1781",1999,12,12,12
"1760",2000,12,12,12
"2427",2001,12,NA,12
"1731",2002,12,12,12
"2385",2003,12,NA,12
"995",2004,12,10,12
"1377",2005,12,NA,12
"929",2006,12,10,12
"2257",2007,12,5,12
"2356",2008,12,NA,12
"418",2009,12,13,12
"391",2010,12,13,12
"2177",2011,10,NA,12
"2164",2012,10,NA,10
"2165",2013,10,NA,10
"885",2014,10,NA,10
"121",2015,10,7,10
"364",2016,10,NA,10
"1023",2017,10,10,10
"1974",2018,10,3,10
"2190",2019,10,NA,10
"481",2020,10,13,10
"97",2021,10,7,10
"1765",2022,10,12,10
"2167",2023,10,NA,10
"1111",2024,10,NA,10
"2181",2025,10,NA,10
"674",2026,10,2,10
"1004",2027,10,10,10
"2078",2028,10,NA,10
"1033",2029,10,10,10
"1680",2030,10,NA,10
"2143",2031,10,NA,10
"2168",2032,10,NA,10
"2182",2033,10,NA,10
"1673",2034,10,NA,10
"2154",2035,10,NA,10
"70",2036,10,7,10
"55",2037,10,7,10
"1674",2038,10,NA,10
"1681",2039,10,NA,10
"933",2040,10,10,10
"2468",2041,10,6,10
"2463",2042,10,6,10
"2447",2043,10,6,10
"609",2044,10,2,10
"617",2045,10,2,10
"882",2046,10,NA,10
"408",2047,10,13,10
"1707",2048,10,NA,10
"669",2049,10,2,10
"372",2050,10,NA,10
"2203",2051,5,5,10
"2234",2052,5,5,5
"2279",2053,5,5,5
"2301",2054,5,5,5
"2854",2055,5,NA,5
"2265",2056,5,5,5
"2239",2057,5,5,5
"2306",2058,5,5,5
"2299",2059,5,5,5
"2286",2060,5,5,5
"2300",2061,5,5,5
"69",2062,5,7,5
"42",2063,5,7,5
"2249",2064,5,5,5
"546",2065,5,1,5
"2302",2066,5,5,5
"47",2067,5,7,5
"2252",2068,5,5,5
"46",2069,5,7,5
"2254",2070,5,5,5
"2243",2071,5,5,5
"2229",2072,5,5,5
"2214",2073,5,5,5
"2285",2074,5,5,5
"2287",2075,5,5,5
"2246",2076,5,5,5
"877",2077,5,NA,5
"2202",2078,5,5,5
"99",2079,5,7,5
"34",2080,5,7,5
"1122",2081,5,NA,5
"2211",2082,5,5,5
"2198",2083,5,5,5
"2200",2084,5,5,5
"2242",2085,5,5,5
"772",2086,6,2,5
"880",2087,6,NA,6
"343",2088,6,NA,6
"1559",2089,6,NA,6
"1927",2090,6,3,6
"645",2091,6,2,6
"357",2092,6,NA,6
"643",2093,6,2,6
"125",2094,6,7,6
"2046",2095,6,NA,6
"2092",2096,6,NA,6
"131",2097,6,7,6
"370",2098,6,NA,6
"2509",2099,6,6,6
"693",2100,6,2,6
"57",2101,6,7,6
"2180",2102,6,NA,6
"1691",2103,6,NA,6
"2833",2104,6,NA,6
"434",2105,6,13,6
"1700",2106,6,NA,6
"1526",2107,6,NA,6
"1527",2108,6,NA,6
"2054",2109,6,NA,6
"157",2110,6,11,6
"1875",2111,6,NA,6
"316",2112,6,NA,6
"595",2113,6,1,6
"844",2114,6,NA,6
"1205",2115,6,NA,6
"1199",2116,6,NA,6
"1202",2117,6,NA,6
"1490",2118,6,NA,6
"845",2119,6,NA,6
"1195",2120,6,NA,6
"2440",2121,6,6,6
"939",2122,6,10,6
"1210",2123,6,NA,6
"1183",2124,6,NA,6
"2456",2125,6,6,6
"104",2126,6,7,6
"937",2127,6,10,6
"1499",2128,6,NA,6
"360",2129,6,NA,6
"1286",2130,4,4,6
"1259",2131,4,4,4
"1250",2132,4,4,4
"1243",2133,4,4,4
"1361",2134,4,4,4
"1876",2135,4,NA,4
"1334",2136,4,4,4
"1360",2137,4,4,4
"1294",2138,4,4,4
"1533",2139,4,NA,4
"1024",2140,4,10,4
"1314",2141,4,4,4
"2263",2142,4,5,4
"1332",2143,4,4,4
"101",2144,4,7,4
"1303",2145,4,4,4
"1265",2146,4,4,4
"2292",2147,4,5,4
"1344",2148,4,4,4
"1359",2149,4,4,4
"1335",2150,4,4,4
"1333",2151,4,4,4
"1336",2152,4,4,4
"1362",2153,4,4,4
"1350",2154,4,4,4
"1337",2155,4,4,4
"1355",2156,4,4,4
"1244",2157,4,4,4
"350",2158,4,NA,4
"325",2159,4,NA,4
"2417",2160,4,NA,4
"1867",2161,4,NA,4
"359",2162,4,NA,4
"1231",2163,4,4,4
"525",2164,4,1,4
"1253",2165,4,4,4
"346",2166,4,NA,4
"2435",2167,4,NA,4
"1298",2168,4,4,4
"2126",2169,5,NA,4
"2082",2170,5,NA,5
"1538",2171,5,NA,5
"2205",2172,5,5,5
"2451",2173,5,6,5
"2222",2174,5,5,5
"1561",2175,5,NA,5
"494",2176,5,1,5
"1878",2177,5,NA,5
"1096",2178,5,NA,5
"429",2179,5,13,5
"1540",2180,5,NA,5
"2061",2181,5,NA,5
"2187",2182,5,NA,5
"1391",2183,5,NA,5
"1541",2184,5,NA,5
"2275",2185,5,5,5
"1871",2186,5,NA,5
"2277",2187,5,5,5
"2318",2188,5,5,5
"2280",2189,5,5,5
"1509",2190,5,NA,5
"1647",2191,5,NA,5
"2316",2192,5,5,5
"2284",2193,5,5,5
"2228",2194,5,5,5
"2244",2195,5,5,5
"2129",2196,5,NA,5
"2262",2197,5,5,5
"2247",2198,5,5,5
"1678",2199,5,NA,5
"960",2200,5,10,5
"354",2201,5,NA,5
"355",2202,5,NA,5
"216",2203,5,NA,5
"969",2204,5,10,5
"14",2205,5,7,5
"275",2206,5,NA,5
"2197",2207,5,5,5
"333",2208,5,NA,5
"2271",2209,5,5,5
"909",2210,5,NA,5
"2183",2211,5,NA,5
"1001",2212,12,10,5
"1777",2213,12,12,12
"1726",2214,12,12,12
"1749",2215,12,12,12
"1823",2216,12,12,12
"2803",2217,12,NA,12
"1811",2218,12,12,12
"1815",2219,12,12,12
"1787",2220,12,12,12
"1400",2221,12,NA,12
"2349",2222,12,NA,12
"1783",2223,12,12,12
"640",2224,12,2,12
"23",2225,12,7,12
"2350",2226,12,NA,12
"2430",2227,12,NA,12
"1730",2228,12,12,12
"2416",2229,12,NA,12
"1751",2230,12,12,12
"1457",2231,12,NA,12
"1769",2232,12,12,12
"1758",2233,12,12,12
"1756",2234,12,12,12
"596",2235,12,1,12
"2103",2236,12,NA,12
"1795",2237,12,12,12
"358",2238,12,NA,12
"2461",2239,12,6,12
"1775",2240,12,12,12
"1761",2241,12,12,12
"1713",2242,12,12,12
"2492",2243,12,6,12
"1768",2244,12,12,12
"1779",2245,12,12,12
"1754",2246,12,12,12
"930",2247,12,10,12
"2068",2248,12,NA,12
"1774",2249,12,12,12
"1737",2250,12,12,12
"1532",2251,11,NA,12
"202",2252,11,11,11
"2386",2253,11,NA,11
"1404",2254,11,NA,11
"130",2255,11,7,11
"1320",2256,11,4,11
"1395",2257,11,NA,11
"2357",2258,11,NA,11
"2407",2259,11,NA,11
"540",2260,11,1,11
"2268",2261,11,5,11
"1296",2262,11,4,11
"2433",2263,11,NA,11
"774",2264,11,2,11
"1463",2265,11,NA,11
"1393",2266,11,NA,11
"2387",2267,11,NA,11
"2069",2268,11,NA,11
"1304",2269,11,4,11
"2432",2270,11,NA,11
"1528",2271,11,NA,11
"2388",2272,11,NA,11
"2038",2273,11,NA,11
"594",2274,11,1,11
"2104",2275,11,NA,11
"1389",2276,11,NA,11
"1116",2277,11,NA,11
"82",2278,11,7,11
"79",2279,11,7,11
"2838",2280,11,NA,11
"1952",2281,11,3,11
"1504",2282,11,NA,11
"2390",2283,11,NA,11
"2358",2284,11,NA,11
"1233",2285,11,4,11
"1530",2286,11,NA,11
"2297",2287,11,5,11
"2391",2288,11,NA,11
"2392",2289,11,NA,11
"2359",2290,11,NA,11
"1012",2291,11,10,11
"948",2292,11,10,11
"135",2293,11,11,11
"140",2294,11,11,11
"169",2295,11,11,11
"886",2296,11,NA,11
"1800",2297,11,12,11
"171",2298,11,11,11
"208",2299,11,11,11
"183",2300,11,11,11
"1131",2301,11,NA,11
"160",2302,11,11,11
"149",2303,11,11,11
"1845",2304,11,NA,11
"177",2305,11,11,11
"1964",2306,11,3,11
"192",2307,11,11,11
"2832",2308,11,NA,11
"1858",2309,11,NA,11
"1954",2310,11,3,11
"1658",2311,11,NA,11
"158",2312,11,11,11
"278",2313,11,NA,11
"203",2314,11,11,11
"555",2315,11,1,11
"198",2316,11,11,11
"597",2317,11,1,11
"201",2318,11,11,11
"2847",2319,11,NA,11
"672",2320,11,2,11
"1943",2321,11,3,11
"180",2322,11,11,11
"193",2323,11,11,11
"2420",2324,11,NA,11
"150",2325,11,11,11
"156",2326,11,11,11
"970",2327,11,10,11
"174",2328,11,11,11
"1552",2329,11,NA,11
"1910",2330,11,3,11
"154",2331,11,11,11
"2106",2332,11,NA,11
"1984",2333,11,3,11
"1690",2334,11,NA,11
"1825",2335,11,12,11
"2072",2336,11,NA,11
"577",2337,4,1,11
"132",2338,4,7,4
"1346",2339,4,4,4
"1319",2340,4,4,4
"120",2341,4,7,4
"381",2342,4,NA,4
"1524",2343,4,NA,4
"584",2344,4,1,4
"1634",2345,4,NA,4
"2849",2346,4,NA,4
"1280",2347,4,4,4
"1292",2348,4,4,4
"1701",2349,4,NA,4
"1242",2350,4,4,4
"344",2351,4,NA,4
"592",2352,4,1,4
"1308",2353,4,4,4
"1902",2354,4,3,4
"1921",2355,4,3,4
"2841",2356,4,NA,4
"1345",2357,4,4,4
"1708",2358,4,NA,4
"2100",2359,4,NA,4
"1342",2360,4,4,4
"1667",2361,4,NA,4
"945",2362,4,10,4
"1246",2363,4,4,4
"1275",2364,4,4,4
"1806",2365,4,12,4
"496",2366,4,1,4
"498",2367,4,1,4
"2048",2368,4,NA,4
"1235",2369,4,4,4
"1281",2370,4,4,4
"922",2371,4,10,4
"1230",2372,4,4,4
"1271",2373,4,4,4
"2049",2374,4,NA,4
"1347",2375,4,4,4
"2850",2376,4,NA,4
"2852",2377,4,NA,4
"1352",2378,4,4,4
"1814",2379,7,12,4
"2851",2380,7,NA,7
"2821",2381,7,NA,7
"124",2382,7,7,7
"71",2383,7,7,7
"115",2384,7,7,7
"348",2385,7,NA,7
"76",2386,7,7,7
"123",2387,7,7,7
"75",2388,7,7,7
"74",2389,7,7,7
"6",2390,7,7,7
"21",2391,7,7,7
"114",2392,7,7,7
"1870",2393,7,NA,7
"50",2394,7,7,7
"345",2395,7,NA,7
"65",2396,7,7,7
"379",2397,7,NA,7
"106",2398,7,7,7
"43",2399,7,7,7
"2367",2400,7,NA,7
"45",2401,7,7,7
"1759",2402,7,12,7
"2425",2403,7,NA,7
"53",2404,7,7,7
"62",2405,7,7,7
"19",2406,7,7,7
"7",2407,7,7,7
"64",2408,7,7,7
"2",2409,7,7,7
"1771",2410,7,12,7
"337",2411,7,NA,7
"1558",2412,7,NA,7
"25",2413,7,7,7
"10",2414,7,7,7
"56",2415,7,7,7
"2393",2416,12,NA,7
"2422",2459,12,NA,12
"974",2460,12,10,12
"495",2461,12,1,12
"1551",2462,12,NA,12
"1323",2463,12,4,12
"1269",2464,12,4,12
"2083",2465,12,NA,12
"1784",2466,12,12,12
"1311",2467,12,4,12
"1258",2468,12,4,12
"1699",2469,12,NA,12
"1392",2470,12,NA,12
"1329",2471,12,4,12
"1261",2472,12,4,12
"1302",2473,12,4,12
"13",2474,12,7,12
"1263",2475,12,4,12
"58",2476,12,7,12
"1496",2477,12,NA,12
"2105",2478,12,NA,12
"1228",2479,12,4,12
"1550",2480,12,NA,12
"1549",2481,12,NA,12
"1353",2482,12,4,12
"2080",2483,12,NA,12
"1315",2484,12,4,12
"561",2485,12,1,12
"2426",2486,12,NA,12
"981",2487,12,10,12
"2096",2488,12,NA,12
"606",2489,12,2,12
"1889",2490,12,3,12
"2094",2491,12,NA,12
"1326",2492,12,4,12
"528",2493,12,1,12
"2101",2494,12,NA,12
"1290",2495,12,4,12
"2089",2496,12,NA,12
"963",2497,8,10,12
"1020",2498,8,10,8
"2799",2499,8,9,8
"2800",2499,8,8,8
"992",2500,8,10,8
"2767",2501,8,9,8
"2768",2501,8,8,8
"1031",2502,8,10,8
"2703",2503,8,9,8
"2704",2503,8,8,8
"2769",2504,8,9,8
"2770",2504,8,8,8
"1560",2505,8,NA,8
"2109",2506,8,NA,8
"205",2507,8,11,8
"2739",2508,8,9,8
"2740",2508,8,8,8
"2679",2509,8,9,8
"2680",2509,8,8,8
"2625",2510,8,9,8
"2626",2510,8,8,8
"715",2511,8,2,8
"2637",2512,8,9,8
"2638",2512,8,8,8
"932",2513,8,10,8
"2745",2514,8,9,8
"2746",2514,8,8,8
"2581",2515,8,9,8
"2582",2515,8,8,8
"2667",2516,8,9,8
"2668",2516,8,8,8
"891",2517,8,NA,8
"2613",2518,8,9,8
"2614",2518,8,8,8
"2639",2519,8,9,8
"2640",2519,8,8,8
"1529",2520,8,NA,8
"2755",2521,8,9,8
"2756",2521,8,8,8
"2209",2522,8,5,8
"2631",2523,8,9,8
"2632",2523,8,8,8
"2683",2524,8,9,8
"2684",2524,8,8,8
"2629",2525,8,9,8
"2630",2525,8,8,8
"2555",2526,8,9,8
"2556",2526,8,8,8
"2627",2527,8,9,8
"2628",2527,8,8,8
"2663",2528,8,9,8
"2664",2528,8,8,8
"2727",2529,8,9,8
"2728",2529,8,8,8
"2743",2530,8,9,8
"2744",2530,8,8,8
"2693",2531,8,9,8
"2694",2531,8,8,8
"2721",2532,8,9,8
"2722",2532,8,8,8
"2621",2533,8,9,8
"2622",2533,8,8,8
"2418",2534,8,NA,8
"2599",2535,8,9,8
"2600",2535,8,8,8
"2569",2536,8,9,8
"2570",2536,8,8,8
"870",2537,8,NA,8
"1394",2538,8,NA,8
"2729",2539,8,9,8
"2730",2539,8,8,8
"1219",2540,3,NA,8
"1214",2541,3,NA,3
"1682",2542,3,NA,3
"1220",2543,3,NA,3
"691",2544,3,2,3
"1215",2545,3,NA,3
"1109",2546,3,NA,3
"1132",2547,3,NA,3
"1118",2548,3,NA,3
"1216",2549,3,NA,3
"1695",2550,3,NA,3
"1208",2551,3,NA,3
"1119",2552,3,NA,3
"648",2553,3,2,3
"29",2554,3,7,3
"1124",2555,3,NA,3
"2431",2556,3,NA,3
"705",2557,3,2,3
"1177",2558,3,NA,3
"1222",2559,3,NA,3
"764",2560,3,2,3
"1212",2561,3,NA,3
"985",2562,3,10,3
"1978",2563,3,3,3
"1200",2564,3,NA,3
"1197",2565,3,NA,3
"1925",2566,3,3,3
"979",2567,3,10,3
"687",2568,3,2,3
"1882",2569,3,3,3
"600",2570,3,2,3
"1201",2571,3,NA,3
"1960",2572,3,3,3
"175",2573,3,11,3
"2163",2574,3,NA,3
"1657",2575,3,NA,3
"1557",2576,3,NA,3
"1217",2577,3,NA,3
"1206",2578,3,NA,3
"1198",2579,3,NA,3
"1095",2580,3,NA,3
"1046",2581,3,10,3
"616",2582,3,2,3
"675",2583,3,2,3
"1698",2584,3,NA,3
"1990",2585,3,3,3
"1935",2586,3,3,3
"1908",2587,3,3,3
"583",2588,1,1,3
"543",2589,1,1,1
"585",2590,1,1,1
"545",2591,1,1,1
"587",2592,1,1,1
"588",2593,1,1,1
"508",2594,1,1,1
"700",2595,1,2,1
"551",2596,1,1,1
"552",2597,1,1,1
"1839",2598,1,NA,1
"601",2599,1,2,1
"554",2600,1,1,1
"556",2601,1,1,1
"1854",2602,1,NA,1
"1752",2603,1,12,1
"709",2604,1,2,1
"560",2605,1,1,1
"971",2606,1,10,1
"507",2607,1,1,1
"1117",2608,1,NA,1
"564",2609,1,1,1
"565",2610,1,1,1
"485",2611,1,1,1
"567",2612,1,1,1
"568",2613,1,1,1
"569",2614,1,1,1
"570",2615,1,1,1
"571",2616,1,1,1
"1539",2617,1,NA,1
"1662",2618,1,NA,1
"574",2619,1,1,1
"575",2620,1,1,1
"576",2621,1,1,1
"489",2622,1,1,1
"578",2623,1,1,1
"579",2624,1,1,1
"580",2625,1,1,1
"581",2626,1,1,1
"582",2627,1,1,1
"857",2628,13,NA,1
"858",2629,13,NA,13
"462",2630,13,13,13
"888",2631,13,NA,13
"859",2632,13,NA,13
"1120",2633,13,NA,13
"1181",2634,13,NA,13
"1989",2635,13,3,13
"861",2636,13,NA,13
"1973",2637,13,3,13
"593",2638,13,1,13
"2086",2639,13,NA,13
"1542",2640,13,NA,13
"884",2641,13,NA,13
"98",2642,13,7,13
"1548",2643,13,NA,13
"449",2644,13,13,13
"461",2645,13,13,13
"122",2646,13,7,13
"383",2647,13,13,13
"1669",2648,13,NA,13
"1872",2649,13,NA,13
"635",2650,13,2,13
"1868",2651,13,NA,13
"411",2652,13,13,13
"720",2653,13,2,13
"2512",2654,13,6,13
"721",2655,13,2,13
"642",2656,13,2,13
"2445",2657,13,6,13
"2153",2658,13,NA,13
"878",2659,13,NA,13
"826",2660,13,NA,13
"474",2661,13,13,13
"1211",2662,13,NA,13
"1127",2663,13,NA,13
"910",2664,13,NA,13
"483",2665,13,13,13
"456",2666,13,13,13
"1843",2667,13,NA,13
"445",2668,13,13,13
"2185",2669,13,NA,13
"1218",2670,13,NA,13
"2304",2671,13,5,13
"477",2672,13,13,13
"1213",2673,13,NA,13
"1204",2674,13,NA,13
"2517",2675,13,6,13
"892",2676,13,NA,13
"890",2677,13,NA,13
"428",2678,13,13,13
"1105",2679,13,NA,13
"883",2680,13,NA,13
"1221",2681,13,NA,13
"889",2682,13,NA,13
"1937",2683,13,3,13
"473",2684,13,13,13
"559",2685,13,1,13
"520",2686,13,1,13
"830",2687,13,NA,13
"1911",2688,13,3,13
"1537",2689,13,NA,13
"1505",2690,13,NA,13
"63",2691,13,7,13
"441",2692,13,13,13
"1675",2693,13,NA,13
"54",2694,13,7,13
"876",2695,13,NA,13
"382",2696,13,13,13
"684",2697,13,2,13
"395",2698,13,13,13
"1507",2699,13,NA,13
"615",2700,13,2,13
"605",2701,13,2,13
"2191",2702,13,NA,13
"2477",2703,13,6,13
"716",2704,13,2,13
"2503",2705,13,6,13
"2189",2706,13,NA,13
"913",2707,13,NA,13
"2084",2708,13,NA,13
"1223",2709,13,NA,13
"865",2710,13,NA,13
"1877",2711,13,NA,13
"1114",2712,13,NA,13
"911",2713,13,NA,13
"1865",2714,13,NA,13
"912",2715,13,NA,13
"450",2716,13,13,13
"410",2717,13,13,13
"424",2718,13,13,13
"397",2719,13,13,13
"401",2720,13,13,13
"1209",2721,13,NA,13
"2173",2722,13,NA,13
"2193",2723,5,5,13
"1543",2724,5,NA,5
"1697",2725,5,NA,5
"353",2726,5,NA,5
"1497",2727,5,NA,5
"2221",2728,5,5,5
"2223",2729,5,5,5
"2227",2730,5,5,5
"2194",2731,5,5,5
"1521",2732,5,NA,5
"2317",2733,5,5,5
"2201",2734,5,5,5
"2245",2735,5,5,5
"2260",2736,5,5,5
"2601",2737,5,9,5
"2602",2737,5,8,5
"373",2738,5,NA,5
"2397",2739,5,NA,5
"73",2740,5,7,5
"118",2741,5,7,5
"1545",2742,5,NA,5
"2064",2743,5,NA,5
"2313",2744,5,5,5
"2065",2745,5,NA,5
"2296",2746,5,5,5
"2270",2747,5,5,5
"1546",2748,5,NA,5
"2272",2749,5,5,5
"2305",2750,5,5,5
"2709",2751,5,9,5
"2710",2751,5,8,5
"1704",2752,5,NA,5
"371",2753,5,NA,5
"2102",2754,5,NA,5
"2402",2755,5,NA,5
"2294",2756,5,5,5
"2281",2757,5,5,5
"1182",2758,5,NA,5
"2282",2759,5,5,5
"2098",2760,5,NA,5
"2255",2761,5,5,5
"1918",2762,5,3,5
"2783",2763,5,9,5
"2784",2763,5,8,5